comment,chat_luong,dong_goi,van_chuyen,gia_ca,overall
quần tốt vải mịn mát thấm hút ok nhe mọi người nên mua,positive,neutral,neutral,neutral,positive
giao hàng rất nhanh dùng ổn chất cotton thấm hút tốt mua lần 2,positive,neutral,positive,neutral,positive
đã mua lần 2 cực kỳ ưng ý vải dày dặn thích thấm hút tạm,positive,neutral,neutral,neutral,positive
tã vải mặc đỡ hăm thấm hút ok chịu khó giặt cải thiện cho con,positive,neutral,neutral,neutral,positive
hàng rẻ chất lượng tạm ổn các nhóc chơi thích nên mua,positive,neutral,neutral,positive,positive
bé mặc thử thấy ok thấm được 2 lần tè màu đẹp. shop giao hàng nhanh,positive,neutral,positive,neutral,positive
thấm hút tốt hàng đẹp nên mua. nhận hàng nhanh,positive,neutral,positive,neutral,positive
quần bỏ bỉm màu xinh lớp bông mịn thấm 1 lần phải thay tiết kiệm bỉm. nên mua,positive,neutral,neutral,neutral,positive
giá phù hợp chất lượng màu sắc đẹp cho bé hy vọng dùng tốt,positive,neutral,neutral,positive,positive
chất liệu thoáng dày dặn nhưng lưng thun cứng ít giãn. giao hàng nhanh,neutral,neutral,positive,neutral,neutral
giao hàng nhanh gói hàng cẩn thận thảm chưa dùng chưa biết chất lượng,neutral,positive,positive,neutral,neutral
giao hàng rất nhanh form dáng đẹp còn xài tốt hay không chưa biết,positive,neutral,positive,neutral,neutral
cho con mặc đỡ bí vải thấm hút tạm xi xong phải thay liền không thôi hầm,neutral,neutral,neutral,neutral,neutral
hàng giao đúng mô tả chất lượng khá ok đỡ bị hăm bé so với mặc tã,positive,neutral,neutral,neutral,positive
quần đẹp y hình chọn ngẫu nhiên giao toàn màu đẹp,positive,neutral,neutral,neutral,positive
giao hàng nhanh vải mềm mịn giá sale rẻ nên mua,positive,neutral,positive,positive,positive
sản phẩm đẹp cotton chất lượng ok nên mua. đóng gói cẩn thận giao nhanh,positive,positive,positive,neutral,positive
sản phẩm thấm hút tốt vải thoáng khí mặc không bị hăm đã mua thêm,positive,neutral,neutral,neutral,positive
vải đẹp tốt co giãn thoải mái mặc đỡ tốn bỉm. thấm trong 1 lần phải kiểm tra thay thường xuyên,positive,neutral,neutral,neutral,positive
vải thoáng khí có lỗ đỡ hầm thấm hút ok,positive,neutral,neutral,neutral,positive
vải rất mềm mại chất lượng có vẻ tốt chờ bé sử dụng,positive,neutral,neutral,neutral,positive
chất liệu thoải mái màu dễ thương lưng thun thoải mái thấm hút tốt,positive,neutral,neutral,neutral,positive
chất cotton tốt dùng ok nên mua. không như loại tã nilon to đùng mang bỏ,positive,neutral,neutral,neutral,positive
vải thun cotton hàng đẹp shop đóng gói cẩn thận,positive,positive,neutral,neutral,positive
chân ái cho bạn bị dị ứng bỉm chất bên trong mềm thấm hút tốt. shop giao nhanh đóng gói đẹp có hướng dẫn,positive,positive,positive,neutral,positive
quần đẹp giá ổn mong bỏ được tã cho bé. giao hàng nhanh,positive,neutral,positive,positive,positive
vải mặc rất thoải mái thấm hút rất tốt size vừa vặn. nên mua,positive,neutral,neutral,neutral,positive
thun lỗ vải mềm mặc mát hơn loại họa tiết giá rẻ. giao hàng nhanh,positive,neutral,positive,positive,positive
hàng giao nhanh vải mềm mịn màu nhã nhặn,positive,neutral,positive,neutral,positive
màu sắc đẹp không trùng vải thoáng mát mặc mùa hè chống hăm thấm hút vừa phải,positive,neutral,neutral,neutral,positive
bỉm thấm hút ok vải mềm mặc đi tè 1 lần phải thay giá sale hợp lý. giao hàng nhanh,positive,neutral,positive,positive,positive
giao hàng nhanh giống hình vải nhìn thoáng mát,positive,neutral,positive,neutral,positive
thun thông hơi vải mềm thoáng mát độ hút tốt nên thay sau khi bé tè,positive,neutral,neutral,neutral,positive
bỉm mặc thoải mái con rất thích đái 1-2 lần là phải thay. thời gian giao nhanh,positive,neutral,positive,neutral,positive
mẫu mã đẹp nhìn rất thích cotton thấm hút tốt. giao hàng nhanh nhân viên nhiệt tình,positive,neutral,positive,neutral,positive
tã thun cotton thấm hút tốt chất mềm tè hai lần thì thay tiết kiệm tiền đỡ hăm,positive,neutral,neutral,neutral,positive
quần con mặc vừa co giãn tốt bóc ra rất ưng ý,positive,neutral,neutral,neutral,positive
tã vải chất bông thấm hút thoáng được 2-3 lần tè phù hợp cho bé,positive,neutral,neutral,neutral,positive
chất liệu vải mềm thoải mái dành cho các bé tập bỏ bỉm thấm hút trung bình,neutral,neutral,neutral,neutral,neutral
sản phẩm đẹp vải thông hơi mát dày dặn thấm hút tốt 2 lần tè ok. shipper nhiệt tình,positive,neutral,neutral,neutral,positive
sản phẩm mẫu mã đẹp chất liệu vải tốt dùng thích,positive,neutral,neutral,neutral,positive
quần đẹp vải dày dặn co giãn thoáng nhìn chung khá ok,positive,neutral,neutral,neutral,positive
tiện lợi gói hàng rất kĩ giao hàng nhanh shipper dễ thương mua lần 3,positive,positive,positive,neutral,positive
vải tốt ưng ý lắm không nghĩ mua được hàng tốt đến vậy,positive,neutral,neutral,neutral,positive
sản phẩm đúng quảng cáo chất vải mềm mịn. shop chuẩn bị và giao nhanh,positive,positive,positive,neutral,positive
giao hàng nhanh nhìn vải mềm khá chắc chắn,positive,neutral,positive,neutral,positive
độ thấm hút ok vải cotton co giãn thoải mái nên mua loại này shop chu đáo,positive,neutral,neutral,neutral,positive
chất lượng sản phẩm tốt cotton mềm khá tốt. giao hàng nhanh shop nhiệt tình tư vấn,positive,neutral,positive,neutral,positive
chất liệu đẹp nhìn rất thích,positive,neutral,neutral,neutral,positive
giao hàng siêu nhanh màu sắc dễ thương cotton mềm mịn,positive,neutral,positive,neutral,positive
sản phẩm tàm tạm trong tầm tiền bỏ ra,neutral,neutral,neutral,neutral,neutral
quần thoáng mát mềm mại bé mặc thoải mái thấm hút tốt rất tiện lợi,positive,neutral,neutral,neutral,positive
hàng đẹp chất lượng tốt thun thấm hút tốt,positive,neutral,neutral,neutral,positive
sản phẩm tốt giá ok giao hàng nhanh shipper thân thiện,positive,neutral,positive,positive,positive
vải thông hơi thấm hút tốt sản phẩm y hình. giao hàng nhanh,positive,neutral,positive,neutral,positive
quần đẹp thấm hút tốt đi êm thoải mái,positive,neutral,neutral,neutral,positive
sản phẩm đúng mô tả vải co giãn tốt hình ảnh giống,positive,neutral,neutral,neutral,positive
vải cotton mát vừa phải bên trong có lớp chống tràn và thấm nước,positive,neutral,neutral,neutral,positive
vải thun màu đẹp. giao hàng nhanh,positive,neutral,positive,neutral,positive
quần thoáng mát mặc tiện lợi thấm hút tốt tè 1 lần thay tặng thêm bộ đồ cưng. nên mua,positive,neutral,neutral,neutral,positive
sản phẩm đẹp cotton hài lòng đúng size. giao hàng nhanh,positive,neutral,positive,neutral,positive
quần vải mềm co giãn thoải mái mặc vừa vặn,positive,neutral,neutral,neutral,positive
sản phẩm giống mô tả chất lượng tốt đóng gói ok giao hàng nhanh,positive,positive,positive,neutral,positive
vải tốt thấm hút tốt. giao hàng nhanh đóng gói cẩn thận có túi zip. nên mua,positive,positive,positive,neutral,positive
vải mềm thun co giãn tốt. giao hàng nhanh,positive,neutral,positive,neutral,positive
vải dày bỉm thấm hút được 1-2 lần tè. shop đóng gói cẩn thận giao nhanh shipper thân thiện,positive,positive,positive,neutral,positive
chất lượng sản phẩm tốt vải thun tốt giá rẻ. giao hàng nhanh chóng đóng gói chắc chắn,positive,positive,positive,positive,positive
vải dày dặn thấm hút tạm được mặc mát thời trang nên thay 2-3 tiếng một lần. giao nhanh gói chắc chắn,positive,positive,positive,neutral,positive
vải thun thoáng không bị hăm màu đẹp vừa vặn thấm hút được,positive,neutral,neutral,neutral,positive
vải thoáng mỏng mát thấm hút ổn tiểu 2 lần là thay mặc ban ngày đỡ tốn tiền tã,positive,neutral,neutral,neutral,positive
quần thun mềm thoáng thấm tốt mặc qua đêm cũng được,positive,neutral,neutral,neutral,positive
sản phẩm xinh mềm mại chất vải tốt. giao hàng nhanh,positive,neutral,positive,neutral,positive
quần đẹp vải dày dặn y hình giá rẻ nên mua,positive,neutral,neutral,positive,positive
vải đẹp thun co giãn tốt đúng hình,positive,neutral,neutral,neutral,positive
thun thấm hút tốt phù hợp trẻ nhỏ. shop giao hàng nhanh,positive,neutral,positive,neutral,positive
quần đẹp nhìn rất ưng vải thấm hút tạm giao đủ số lượng,positive,neutral,neutral,neutral,positive
thảm vải thoáng khí tốt hơn cotton có voucher giảm giá rẻ. shop đóng gói cẩn thận,positive,positive,neutral,positive,positive
đóng gói hàng kĩ đẹp chắc chắn giao hàng nhanh lắm đặt hôm trước hôm sau có luôn,neutral,positive,positive,neutral,neutral
quần dày dặn đẹp cotton. shop giao hàng nhanh đóng gói cẩn thận,positive,positive,positive,neutral,positive
vải thoáng khí lớp lót mềm mại thấm hút tốt giặt mau khô dày vừa phải,positive,neutral,neutral,neutral,positive
vải mềm khá dễ chịu nhận hàng sớm,positive,neutral,positive,neutral,positive
giao đúng mẫu đúng size chất lượng sản phẩm tốt cotton màu sắc ok. shop tư vấn nhiệt tình,positive,neutral,neutral,neutral,positive
sản phẩm cotton ok rất ưng ý tiện lợi tiết kiệm. giao hàng nhanh dễ tính,positive,neutral,positive,neutral,positive
bỉm đẹp cotton đường may chắc chắn. giao hàng nhanh shipper thân thiện,positive,neutral,positive,neutral,positive
quần thấm hút nhanh cotton đúng quảng cáo vừa vặn,positive,neutral,neutral,neutral,positive
quần bỏ bỉm thoáng khí cotton màu sắc dễ thương mặc đỡ bị hăm,positive,neutral,neutral,neutral,positive
thoáng mát tốt bé tè 1 lần thay tiện lợi không bị ướt ra ngoài thấm hút tốt,positive,neutral,neutral,neutral,positive
hàng đẹp vải tốt mới nhận chưa dùng thử,positive,neutral,neutral,neutral,positive
chất vải thun co giãn thông thoáng ok,positive,neutral,neutral,neutral,positive
quá xịn xò chất vải tốt,positive,neutral,neutral,neutral,positive
chất vải đẹp xinh hơn mong đợi nhận hàng rất nhanh rất ưng,positive,neutral,positive,neutral,positive
quần thoáng khí bông mềm gói hàng cẩn thận giao nhanh,positive,positive,positive,neutral,positive
quần bông sờ mát mịn dày dặn thoải mái không cộm chất lượng so với giá rất tốt. nên mua,positive,neutral,neutral,positive,positive
thấm hút tốt không bị tràn dễ giặt sạch xài thông thoáng không bị hăm thoải mái,positive,neutral,neutral,neutral,positive
chất lượng vải thấm hút ok tạm ổn đúng số ký,positive,neutral,neutral,neutral,positive
bỉm giao đúng màu đúng size thun cotton mát mẻ dễ chịu thấm hút tốt,positive,neutral,neutral,neutral,positive
đẹp chất liệu thun thấm hút rất tốt dễ sử dụng giặt nhanh khô,positive,neutral,neutral,neutral,positive
dày dặn đẹp thun nhưng sợ lớp vải bông bên trong nóng,neutral,neutral,neutral,neutral,neutral
quần xinh vải thun đường may ok hài lòng,positive,neutral,neutral,neutral,positive
quần xinh vải mềm hút tốt không bị hăm giặt sạch không dính ố. shipper nhiệt tình dễ thương,positive,neutral,positive,neutral,positive
vải mềm mịn mới nhận chưa sử dụng,positive,neutral,neutral,neutral,positive
vải mặc thoáng mát dày dặn. shop rất nhiệt tình đáp ứng yêu cầu mua lần 2 ổn,positive,neutral,neutral,neutral,positive
bình luận rác châm ngôn cuộc sống không liên quan,neutral,neutral,neutral,neutral,neutral
chất liệu vải tốt nhìn cũng được,neutral,neutral,neutral,neutral,neutral
chất vải dày dặn test thử khá ổn với nửa ly nước,positive,neutral,neutral,neutral,positive
chất lượng vải bông phù hợp giá tiền mẫu mã đúng mô tả. giao tương đối nhanh đóng gói tạm ổn,positive,neutral,positive,positive,positive
vải cotton mềm đẹp rẻ hơn shop khác tặng thêm 1 cái. giao hàng cực nhanh,positive,neutral,positive,positive,positive
vải cotton mềm tốt mặc được 1-2 lần,positive,neutral,neutral,neutral,positive
chất liệu khá ổn,neutral,neutral,neutral,neutral,neutral
gói hàng tốt đóng túi zip từng cái giao nhanh,neutral,positive,positive,neutral,positive
vải bông dùng ổn thấm hút ổn thay thường xuyên cho bé tè nhiều,positive,neutral,neutral,neutral,positive
bình luận rác rao bán dâu tây không liên quan,neutral,neutral,neutral,neutral,neutral
vải cotton đẹp co giãn tốt mặc buổi trưa thoáng,positive,neutral,neutral,neutral,positive
vải tốt dùng thay bỉm hôm nắng nóng phải thay liên tục,positive,neutral,neutral,neutral,positive
vải chất lượng tốt bé dùng rất tốt,positive,neutral,neutral,neutral,positive
vải thoáng mát chất liệu mềm mại mặc không lo mùa hè shop kèm hướng dẫn sử dụng,positive,neutral,neutral,neutral,positive
vải thông hơi thoáng mát thấm hút tốt ít tràn nên thay ngay sau khi bé tè,positive,neutral,neutral,neutral,positive
vải lông thấm hút xọc xạch phải chịu khó để ý thay tả liền không hăm tả. giao đúng mẫu khá nhanh,negative,neutral,positive,neutral,neutral
sản phẩm không như quảng cáo nhựa pc cứng trơn khó cầm,negative,neutral,neutral,neutral,negative
chất lượng kém không như mô tả ốp bọc được viền lòi màn hình rơi dễ hỏng màn. không bao giờ mua lại,negative,neutral,neutral,neutral,negative
ốp lưng không đúng mô tả. quảng cáo mềm nhận về cứng ngắc thô không đẹp,negative,neutral,neutral,neutral,negative
ốp cứng tháo ra làm hỏng miếng dán ppf trên điện thoại,negative,neutral,neutral,neutral,negative
ốp mỏng bé hơn máy lắp xước cạnh cứng ngắc kém không nên mua,negative,neutral,neutral,neutral,negative
đóng gói giao hàng nhanh. khuyên đừng mua vứt đi dùng có ngày thay điện thoại mới,negative,positive,positive,neutral,negative
chất lượng kém ốp cứng đeo hỏng máy rơi vỡ luôn điện thoại. không nên mua,negative,neutral,neutral,neutral,negative
đặt iphone 15 giao 13 14 không vừa. nhắn shop không trả lời. tệ quá,negative,neutral,neutral,neutral,negative
chất lượng kém vỡ cạnh không như mô tả giao sai màu. hộp méo vỡ viền,negative,negative,neutral,neutral,negative
chất lượng kém ốp mỏng giòn rơi nhẹ là vỡ,negative,neutral,neutral,neutral,negative
mỏng nhựa cứng dỏm lỗi bể lười trả lại,negative,neutral,neutral,neutral,negative
ốp quá mỏng không vừa điện thoại gắn gãy 1 góc,negative,neutral,neutral,neutral,negative
siêu mỏng nhựa cứng chật tháo lắp khó. rơi chắc bể cả điện thoại,negative,neutral,neutral,neutral,negative
không nên mua phí tiền rơi vỡ màu đục xấu rẻ tiền không đẹp,negative,neutral,neutral,neutral,negative
giao hàng nhanh ốp bể mà cũng giao cho khách,negative,neutral,positive,neutral,negative
lỗi hư hỏng ốp xước như bị dao cứa,negative,neutral,neutral,neutral,negative
không đúng mô tả ốp quá nhỏ cứng không vừa chầy điện thoại,negative,neutral,neutral,neutral,negative
chưa lắp đã gãy trơn cứng cầm trơn tay,negative,neutral,neutral,neutral,negative
chất lượng kém gửi ốp cũ cắt vẹt nham nhở,negative,neutral,neutral,neutral,negative
không đúng mô tả đặt 15prm lắp không vào thất vọng,negative,neutral,neutral,neutral,negative
ốp nhỏ không nên mua bán hàng tào lao kém chất lượng,negative,neutral,neutral,neutral,negative
giao thiếu hàng đặt 2 ốp 3 cường lực giao 1 bộ,negative,neutral,neutral,neutral,negative
chất lượng tệ ốp vào không khí dễ hỏng rẻ đi đôi với chất,negative,neutral,neutral,neutral,negative
không như mô tả live ốp dẻo giao cứng mỏng khác loại hoàn toàn,negative,neutral,neutral,neutral,negative
va nhẹ vỡ ốp cứng viền sắc cấn tay. để rơi chắc vỡ cả điện thoại,negative,neutral,neutral,neutral,negative
đóng gói sơ sài hộp méo sai màu đánh giá 1 sao,negative,negative,neutral,neutral,negative
đểu không nên mua,negative,neutral,neutral,neutral,negative
hàng đểu không dùng được đừng mua,negative,neutral,neutral,neutral,negative
hộp móp méo làm ốp nứt đánh giá 1 sao,negative,negative,negative,neutral,negative
giao sai màu sai dòng máy tự ý đổi hàng làm việc không ok,negative,neutral,neutral,neutral,negative
làm ăn chán giao hàng siêu chậm nhắn không trả lời,neutral,negative,negative,neutral,negative
rất mỏng nhựa dỏm không tác dụng bảo vệ máy,negative,neutral,neutral,neutral,negative
xấu cứng mua uổng tiền chất lượng tệ trầy điện thoại,negative,neutral,neutral,neutral,negative
chất lượng kém mặt lưng cong vênh ốp bị phồng khó chịu,negative,neutral,neutral,neutral,negative
không giống mô tả tưởng ốp dẻo ra cứng phí tiền,negative,neutral,neutral,neutral,negative
nút khó bấm mua về vứt sọt rác,negative,neutral,neutral,neutral,negative
quá tệ camera lệch hàng lỗi đừng ham rẻ,negative,neutral,neutral,neutral,negative
chưa nhận được hàng mà báo giao hàng thành công,neutral,neutral,negative,neutral,negative
ốp cứng dễ xước điện thoại nhét thẻ bất tiện dễ nứt vỡ,negative,neutral,neutral,neutral,negative
tệ sai mô tả cứng như đá giao nhầm màu,negative,neutral,neutral,neutral,negative
chất lượng rất tệ đóng gói sơ sài bỏ sọt rác,negative,negative,neutral,neutral,negative
sai mô tả gửi nhầm dòng máy không vừa camera quá lởm,negative,neutral,neutral,neutral,negative
chất lượng kém nhựa cứng giòn dễ vỡ vừa lắp vào máy đã vỡ,negative,neutral,neutral,neutral,negative
tệ hại đụng nhẹ bể làm bể viền điện thoại,negative,neutral,neutral,neutral,negative
ốp quá giòn dùng 2 ngày giòn tan không nên mua,negative,neutral,neutral,neutral,negative
mỏng không dẻo như mô tả nhựa dỏm ít tiền nên làm biếng trả,negative,neutral,neutral,neutral,negative
chất lượng kém như hàng mã vứt luôn xấu giao hàng chậm,negative,neutral,negative,neutral,negative
chất liệu không ok viền xung quanh ngắn hơn điện thoại,negative,neutral,neutral,neutral,negative
mỏng cứng không mềm dẻo không chịu va đập,negative,neutral,neutral,neutral,negative
không như mô tả giao sai dòng máy không ốp được,negative,neutral,neutral,neutral,negative
ốp rất tệ form cứng không dùng được vứt đi,negative,neutral,neutral,neutral,negative
không dùng được rẻ nhưng mua về vứt đi ngay,negative,neutral,neutral,neutral,negative
tháo lắp cứng đau tay không bảo vệ được máy giao sai màu,negative,neutral,neutral,neutral,negative
lừa đảo không giao hàng báo đã giao,neutral,neutral,negative,neutral,negative
chất lượng kém cứng đau tay gắn vào không bấm được nút sườn,negative,neutral,neutral,neutral,negative
ốp không vừa điện thoại lỗ camera lệch vứt đi,negative,neutral,neutral,neutral,negative
ốp nhỏ không dùng được rất trơn chấp nhận bỏ,negative,neutral,neutral,neutral,negative
chất lượng kém gia công méo lệch nút nguồn và âm lượng,negative,neutral,neutral,neutral,negative
chất lượng kém ốp nút bấm khó,negative,neutral,neutral,neutral,negative
chất lượng kém nút vật lý khe cắm sạc không vừa,negative,neutral,neutral,neutral,negative
không như mô tả giao sai dòng máy,negative,neutral,neutral,neutral,negative
sơ sài khác ảnh bị móp không vừa,negative,neutral,neutral,neutral,negative
đặt 2 lần giao sai hàng cả 2 lần nhắn tin shop không trả lời,negative,neutral,neutral,neutral,negative
sai dòng máy đặt 6s shop đưa ốp khác,negative,neutral,neutral,neutral,negative
chất lượng kém không khớp điện thoại không nên mua,negative,neutral,neutral,neutral,negative
mỏng rơi dễ vỡ màn hình,negative,neutral,neutral,neutral,negative
không giống quảng cáo cứng đểu,negative,neutral,neutral,neutral,negative
giao không đúng chất lượng xấu so với ảnh,negative,neutral,neutral,neutral,negative
nhựa đểu lồng vào rách giòn mỏng lởm,negative,neutral,neutral,neutral,negative
chất lượng kém không vừa điện thoại,negative,neutral,neutral,neutral,negative
mỏng dính giao sai dòng máy giao sai màu,negative,neutral,neutral,neutral,negative
xấu cứng làm hỏng điện thoại không nên mua,negative,neutral,neutral,neutral,negative
dễ nát lệch viền chông chênh rất khó chịu,negative,neutral,neutral,neutral,negative
tệ sai màu,negative,neutral,neutral,neutral,negative
giả mạo không như mô tả chất lượng kém,negative,neutral,neutral,neutral,negative
giá rẻ nhưng chất lượng quá kém không nên mua,negative,neutral,neutral,neutral,negative
ốp đẹp dã man nhưng không dùng được,negative,neutral,neutral,neutral,negative
ốp lưng vỡ và không vừa điện thoại,negative,neutral,neutral,neutral,negative
không như mô tả gửi sai dòng máy,negative,neutral,neutral,neutral,negative
ốp cứng thiết kế không có nút bấm vật lý,negative,neutral,neutral,neutral,negative
không vừa các lỗ bị lệch,negative,neutral,neutral,neutral,negative
gửi sai dòng máy chất lượng quá tệ,negative,neutral,neutral,neutral,negative
ốp lỗi không vào được máy rất tệ,negative,neutral,neutral,neutral,negative
gửi ốp vỡ nát làm ăn vớ vẩn,negative,neutral,neutral,neutral,negative
cường lực bít luôn lỗ loa chán,negative,neutral,neutral,neutral,negative
mới dùng được 3h đã tươm,negative,neutral,neutral,neutral,negative
cong móp không sử dụng được,negative,neutral,neutral,neutral,negative
không giống quảng cáo cứng không dẻo,negative,neutral,neutral,neutral,negative
đặt ốp trắng shop giao đen nhám,negative,neutral,neutral,neutral,negative
shop giao hàng nhanh. sản phẩm chất lượng và đóng gói kỹ lưỡng. dịch vụ chăm sóc khách hàng chu đáo tận tình. shop tư vấn nhiệt tình hỗ trợ tốt,positive,positive,positive,neutral,positive
chất lượng ngon bổ rẻ đúng mô tả. shop giao đơn nhanh đóng gói chu đáo sản phẩm chất lượng giá cả hợp lý,positive,positive,positive,positive,positive
hàng xịn xò cứng cáp chắc chắn remote chụp hình quay phim siêu nhạy. lần đầu mua thấy ưng ý hôm trước đặt hôm sau giao liền 5 sao,positive,neutral,positive,neutral,positive
shop tư vấn nhiệt tình hỗ trợ khách hàng tốt. đóng gói cẩn thận giao hàng nhanh. phục vụ tận tâm chu đáo sản phẩm chất lượng tốt đúng hình ảnh,positive,positive,positive,neutral,positive
sản phẩm rất đẹp và chất lượng vượt ngoài mong đợi. đúng như quảng cáo chất lượng tuyệt vời. đóng gói cẩn thận giao hàng nhanh,positive,positive,positive,neutral,positive
giao hàng nhanh chóng nhân viên nhiệt tình. sản phẩm chất lượng đóng gói kỹ lưỡng,positive,positive,positive,neutral,positive
chất lượng good đúng mô tả. shop hỗ trợ nhiệt tình gậy xài tạm ổn muốn xài lâu dài nên đầu tư loại giá cao hơn,neutral,neutral,neutral,neutral,neutral
shop tư vấn nhiệt tình hỗ trợ khách hàng tốt. sẽ tiếp tục ủng hộ. sản phẩm rất đẹp và chất lượng vượt ngoài mong đợi,positive,neutral,neutral,neutral,positive
phục vụ tận tâm chu đáo sản phẩm chất lượng tốt đúng hình ảnh. đáng ủng hộ lâu dài. nhân viên nhiệt tình giao hàng nhanh chóng,positive,neutral,positive,neutral,positive
shop giao hàng nhanh sản phẩm chất lượng đóng gói kỹ lưỡng. sẽ tiếp tục ủng hộ. nhân viên nhiệt tình giao hàng nhanh,positive,positive,positive,neutral,positive
sản phẩm rất tốt đúng như quảng cáo chất lượng tuyệt vời. nhân viên nhiệt tình giao hàng nhanh. sản phẩm đẹp shop phục vụ chu đáo,positive,neutral,positive,neutral,positive
rất hài lòng với trải nghiệm mua sắm tại shop. giao hàng nhanh chóng nhân viên nhiệt tình. shop tư vấn hỗ trợ khách hàng tốt,positive,neutral,positive,neutral,positive
rất hài lòng với trải nghiệm mua sắm. nhân viên nhiệt tình giao hàng nhanh. phục vụ tận tâm chu đáo sản phẩm chất lượng tốt đúng hình ảnh,positive,neutral,positive,neutral,positive
sẽ tiếp tục ủng hộ shop. rất hài lòng với sản phẩm và dịch vụ. chăm sóc khách hàng chu đáo tận tình,positive,neutral,neutral,neutral,positive
shop tư vấn nhiệt tình hỗ trợ tốt. giao hàng nhanh nhân viên nhiệt tình. sản phẩm đẹp chất lượng tốt phục vụ chu đáo,positive,neutral,positive,neutral,positive
chăm sóc khách hàng chu đáo tận tình. rất hài lòng với trải nghiệm mua sắm. shop tư vấn nhiệt tình hỗ trợ tốt,positive,neutral,neutral,neutral,positive
shop giao hàng nhanh sản phẩm chất lượng đóng gói kỹ lưỡng. sản phẩm rất tốt đúng quảng cáo chất lượng tuyệt vời,positive,positive,positive,neutral,positive
rất hài lòng với sản phẩm và dịch vụ. sản phẩm tuyệt vời chất lượng tốt giao hàng nhanh chóng. đóng gói cẩn thận,positive,positive,positive,neutral,positive
shop giao hàng nhanh sản phẩm chất lượng đóng gói kỹ. chăm sóc khách hàng chu đáo tận tình. nhân viên nhiệt tình,positive,positive,positive,neutral,positive
chăm sóc khách hàng chu đáo tận tình. chắc chắn quay lại mua sắm. sản phẩm tuyệt vời chất lượng tốt giao hàng nhanh,positive,neutral,positive,neutral,positive
giao hàng rất nhanh đóng gói chắc chắn cẩn thận. sản phẩm đúng mô tả chất lượng vượt trội đáng ủng hộ lâu dài,positive,positive,positive,neutral,positive
giao hàng nhanh chóng nhân viên nhiệt tình. chắc chắn quay lại mua sắm. sản phẩm tuyệt vời chất lượng tốt,positive,neutral,positive,neutral,positive
dịch vụ chăm sóc khách hàng tuyệt vời đáng ủng hộ. sản phẩm rất đẹp và chất lượng vượt ngoài mong đợi. giao hàng nhanh,positive,neutral,positive,neutral,positive
sản phẩm rất tốt đúng quảng cáo chất lượng tuyệt vời. giao hàng nhanh nhân viên nhiệt tình. sẽ tiếp tục ủng hộ,positive,neutral,positive,neutral,positive
shop tư vấn nhiệt tình hỗ trợ tốt. rất hài lòng trải nghiệm mua sắm đáng ủng hộ lâu dài,positive,neutral,neutral,neutral,positive
mua hàng nhiều lần lần nào cũng ưng ý. giao hàng rất nhanh đóng gói chắc chắn cẩn thận. rất hài lòng,positive,positive,positive,neutral,positive
rất hài lòng với sản phẩm và dịch vụ trải nghiệm mua sắm. chăm sóc khách hàng chu đáo tận tình,positive,neutral,neutral,neutral,positive
giao hàng rất nhanh đóng gói chắc chắn cẩn thận. chắc chắn quay lại mua sắm. sản phẩm đẹp chất lượng vượt mong đợi,positive,positive,positive,neutral,positive
rất đáng ủng hộ lâu dài. shop đóng gói cẩn thận giao hàng nhanh. sản phẩm rất đẹp chất lượng vượt mong đợi,positive,positive,positive,neutral,positive
rất hài lòng với trải nghiệm mua sắm. phục vụ tận tâm chu đáo sản phẩm chất lượng tốt đúng hình ảnh. sẽ tiếp tục ủng hộ,positive,neutral,neutral,neutral,positive
sản phẩm đẹp chất lượng tốt phục vụ chu đáo. sản phẩm đúng mô tả chất lượng vượt trội. sẽ tiếp tục ủng hộ,positive,neutral,neutral,neutral,positive
shop tư vấn nhiệt tình hỗ trợ tốt. sản phẩm tuyệt vời chất lượng tốt giao hàng nhanh. đóng gói cẩn thận,positive,positive,positive,neutral,positive
shop tư vấn nhiệt tình. sản phẩm tuyệt vời chất lượng tốt giao hàng nhanh. sản phẩm đẹp phục vụ chu đáo,positive,neutral,positive,neutral,positive
sản phẩm tuyệt vời chất lượng tốt giao hàng nhanh. rất hài lòng với trải nghiệm mua sắm. shop tư vấn nhiệt tình,positive,neutral,positive,neutral,positive
chăm sóc khách hàng chu đáo tận tình. shop tư vấn nhiệt tình. giao hàng rất nhanh đóng gói chắc chắn cẩn thận,positive,positive,positive,neutral,positive
nhân viên nhiệt tình giao hàng nhanh. chăm sóc khách hàng chu đáo. sản phẩm đẹp chất lượng tốt phục vụ chu đáo,positive,neutral,positive,neutral,positive
mua hàng nhiều lần rất ưng ý. sản phẩm rất tốt đúng quảng cáo chất lượng tuyệt vời. shop tư vấn nhiệt tình,positive,neutral,neutral,neutral,positive
giao hàng nhanh nhân viên nhiệt tình. sản phẩm tuyệt vời chất lượng tốt. đóng gói chắc chắn cẩn thận,positive,positive,positive,neutral,positive
chăm sóc khách hàng chu đáo. sản phẩm rất tốt chất lượng tuyệt vời. shop giao hàng nhanh đóng gói kỹ lưỡng,positive,positive,positive,neutral,positive
shop giao hàng nhanh sản phẩm chất lượng đóng gói kỹ. sản phẩm đúng mô tả chất lượng vượt trội. mua nhiều lần rất ưng ý,positive,positive,positive,neutral,positive
giao hàng rất nhanh đóng gói chắc chắn cẩn thận. sản phẩm rất tốt đúng quảng cáo chất lượng tuyệt vời,positive,positive,positive,neutral,positive
sản phẩm tuyệt vời chất lượng tốt giao hàng nhanh. sản phẩm đẹp phục vụ chu đáo. mua nhiều lần rất ưng ý,positive,neutral,positive,neutral,positive
sẽ tiếp tục ủng hộ shop. nhân viên nhiệt tình giao hàng nhanh. chăm sóc khách hàng chu đáo tận tình,positive,neutral,positive,neutral,positive
sản phẩm đúng mô tả chất lượng vượt trội. giao hàng rất nhanh đóng gói chắc chắn cẩn thận. phục vụ tận tâm chu đáo,positive,positive,positive,neutral,positive
shop giao hàng nhanh sản phẩm chất lượng đóng gói kỹ. rất hài lòng sản phẩm và dịch vụ. đóng gói chắc chắn cẩn thận,positive,positive,positive,neutral,positive
chăm sóc khách hàng tuyệt vời. sản phẩm đẹp chất lượng tốt phục vụ chu đáo. chắc chắn quay lại mua sắm,positive,neutral,neutral,neutral,positive
đóng gói cẩn thận giao hàng nhanh. chăm sóc khách hàng tuyệt vời. rất hài lòng với trải nghiệm mua sắm,positive,positive,positive,neutral,positive
sản phẩm đẹp chất lượng tốt phục vụ chu đáo. đúng mô tả chất lượng vượt trội. đúng như quảng cáo,positive,neutral,neutral,neutral,positive
chất lượng tốt nhân viên giao nhiệt tình. chắc chắn đẹp có remote tiện lợi dễ sử dụng. giao hàng nhanh chóng đúng mô tả,positive,neutral,positive,neutral,positive
mình thấy sản phẩm ok nha. thiết kế chắc chắn và giữ điện thoại vững,positive,neutral,neutral,neutral,positive
gậy chụp hình dùng tốt đi chơi 2 chuyến. bluetooth bị hư không kết nối được nhưng chất lượng gậy ok chắc chắn đi du lịch tốt,negative,neutral,neutral,neutral,neutral
đóng gói cẩn thận kĩ càng. giao hàng nhanh chóng. chân gậy hơi yếu,negative,positive,positive,neutral,neutral
giao hàng nhanh đủ sản phẩm giá cả hợp lí chất lượng ok nên mua,positive,neutral,positive,positive,positive
giá rẻ shop gói kĩ ổn trong tầm giá gọn nhẹ thích hợp du lịch,positive,positive,neutral,positive,positive
không biết dùng thấy chắc chắn cũng cao tầm 1m tưởng có điều khiển đi kèm,neutral,neutral,neutral,neutral,neutral
giao hàng đầy đủ shop uy tín giao đúng mẫu giao hàng nhanh,positive,neutral,positive,neutral,positive
gậy chụp ảnh 3 chân khá ok. sẽ ủng hộ shop lần sau. giao hàng nhanh,positive,neutral,positive,neutral,positive
shop giao đúng sản phẩm. nhưng loại gậy này yếu và lỏng lẻo lắm,negative,neutral,neutral,neutral,negative
dịch vụ chăm sóc khách hàng chu đáo tận tình. đáng ủng hộ lâu dài. mua nhiều lần lần nào cũng ưng ý,positive,neutral,neutral,neutral,positive
rất hài lòng với sản phẩm và dịch vụ. chắc chắn quay lại mua sắm. đã mua nhiều lần rất ưng ý,positive,neutral,neutral,neutral,positive
chắc chắn quay lại mua sắm. dịch vụ chăm sóc khách hàng tuyệt vời. sản phẩm rất đẹp và chất lượng vượt ngoài mong đợi,positive,neutral,neutral,neutral,positive
gậy ok test cũng ổn tạm được. cảm giác gài điện thoại không được chắc chắn lắm chân trụ ổn,neutral,neutral,neutral,neutral,neutral
chất lượng ok đúng mô tả nên mua nha mọi người,positive,neutral,neutral,neutral,positive
sản phẩm đúng mô tả thời gian giao hàng nhanh. chất lượng ok,positive,neutral,positive,neutral,positive
shop chuẩn bị hàng nhanh chu đáo gói hàng kĩ và trả lời tin nhắn nhanh. nhiệt tình siêu dễ thương,positive,positive,positive,neutral,positive
chất lượng tốt sản phẩm rất ok thời gian giao hàng nhanh chóng giá tiền hợp lý nên mua,positive,neutral,positive,positive,positive
ok giao nhanh đóng gói cẩn thận đồ dùng ổn sẽ check xem có vấn đề gì không,positive,positive,positive,neutral,positive
giao hàng nhanh shipper thân thiện. không phù hợp giá tiền. chưa gắn điện thoại vô đã gãy cây đứng yếu không đáng mua,negative,neutral,positive,negative,negative
gậy chắc chắn sử dụng ngon. chất liệu bằng thép không gỉ rất chất lượng,positive,neutral,neutral,neutral,positive
giao hàng nhanh đóng gói hàng cẩn thận sản phẩm phù hợp với giá tiền,positive,positive,positive,positive,positive
đóng gói cẩn thận hàng nhận về không bị xước hay gãy,positive,positive,neutral,neutral,positive
chất lượng tốt sản phẩm dùng tạm thời ít ngày thì được. dùng được hai buổi nó hư rồi,negative,neutral,neutral,neutral,negative
chất lượng ổn so với giá tiền. khi nhận hơi khác với hình shop có hỗ trợ nên ok,neutral,neutral,neutral,positive,neutral
hàng y hệt ảnh chất lượng tốt rất đáng tiền. đồ bấm có kết nối bluetooth,positive,neutral,neutral,positive,positive
chất lượng tốt đúng mẫu. tripod ok,positive,neutral,neutral,neutral,positive
sản phẩm chất lượng top 1 mẫu mã giống mô tả. cứng cáp đẹp,positive,neutral,neutral,neutral,positive
bình luận rác rao bán hồ cá không liên quan,neutral,neutral,neutral,neutral,neutral
review ok lắm mà thấy chân hơi yếu. mua nhầm cái không có remote nên xài đỡ,negative,neutral,neutral,neutral,neutral
sản phẩm tệ không giống mô tả thấy thất vọng. nhờ gửi video cũng không gửi. sẽ không ủng hộ,negative,neutral,neutral,neutral,negative
chất lượng ok. tiền nào của đó không quá chắc chắn dùng tạm thì ok,neutral,neutral,neutral,positive,neutral
cảm ơn shop giao hàng nhanh chóng. hơi nhẹ không biết có chắc chắn không,neutral,neutral,positive,neutral,neutral
rất đáng ủng hộ lâu dài. sản phẩm rất đẹp và chất lượng vượt ngoài mong đợi. sẽ tiếp tục ủng hộ,positive,neutral,neutral,neutral,positive
chất lượng sản phẩm tốt cảm ơn shop. sẽ mua thêm,positive,neutral,neutral,neutral,positive
bình luận rác châm ngôn cuộc sống không liên quan,neutral,neutral,neutral,neutral,neutral
bình luận rác về ứng dụng ihanoi không liên quan,neutral,neutral,neutral,neutral,neutral
bình luận rác thanh lý đồ cũ không liên quan,neutral,neutral,neutral,neutral,neutral
tiền nào của nấy không kì vọng chất lượng quá tốt. dùng cũng được,neutral,neutral,neutral,positive,neutral
bình luận rác chữ gõ vô nghĩa không liên quan,neutral,neutral,neutral,neutral,neutral
bình luận rác sao chép giao diện google không liên quan,neutral,neutral,neutral,neutral,neutral
giao hàng đúng đẹp,positive,neutral,positive,neutral,positive
sản phẩm đắt tiền không đáng mua không cao cấp. shop phục vụ kém không trả lời tin nhắn giao hàng lâu. chơi tay không cũng được,negative,neutral,negative,negative,negative
giao sản phẩm rõ chật đeo lâu tháo ra đau cả tay,negative,neutral,neutral,neutral,negative
chất lượng kém sản phẩm bị bục chỉ,negative,neutral,neutral,neutral,negative
chất lượng kém đúng mô tả. mở hộp ra rách lỗ ở ngón tay không xứng giá tiền,negative,neutral,neutral,negative,negative
chất lượng kém không mượt không nên mua,negative,neutral,neutral,neutral,negative
không cảm ứng được vuốt không được,negative,neutral,neutral,neutral,negative
cảm giác như thép cứa màn hình giấy hướng dẫn gấp nát trêu ngươi khách hàng,negative,negative,neutral,neutral,negative
chất lượng không tốt màu xám không cảm ứng được làm ăn kém,negative,neutral,neutral,neutral,negative
găng dởm xài 2 ngày hở chỉ bong sơn giá 30k không đáng,negative,neutral,neutral,negative,negative
hàng lỗi giả mạo không như mô tả. cảm ứng chán bấm không được bị delay,negative,neutral,neutral,neutral,negative
lừa đảo đặt cao cấp giao hàng thường,negative,neutral,neutral,neutral,negative
mới mua 1 ngày bung chỉ bấm lệch không đáng mua,negative,neutral,neutral,neutral,negative
dễ bung chỉ xài chưa gì đã bung chất lượng kém,negative,neutral,neutral,neutral,negative
đặt 2 đôi trả tiền 2 đôi giao có 1,negative,neutral,neutral,neutral,negative
đóng gói tư vấn ok giao nhanh nhưng chất lượng không ưng,negative,positive,positive,neutral,negative
size bé quá đeo bí đánh giá 1 sao,negative,neutral,neutral,neutral,negative
không nhạy cảm ứng không di chuyển được sử dụng không được,negative,neutral,neutral,neutral,negative
găng quá dày không bấm nổi màn hình cảm ứng không mượt,negative,neutral,neutral,neutral,negative
shop chu đáo nhiệt tình đóng gói nhanh nhưng shipper không giao hàng không gọi điện mà tự hủy đơn,neutral,positive,negative,neutral,negative
mau hư hơn loại khác dùng 3 ngày sứt chỉ ngày 4 hết nhạy vứt đi. shop tốt shipper nhiệt tình,negative,neutral,positive,neutral,negative
mua 5 cái gửi 4 tính tiền 5,negative,neutral,neutral,neutral,negative
hàng fake không có mã qr check dùng lúc đầu ổn lâu bung chỉ hết,negative,neutral,neutral,neutral,negative
shop nhiệt tình nhẹ nhàng nhưng đơn vị vận chuyển nói chuyện cọc cằn,neutral,neutral,negative,neutral,neutral
chơi không được dễ rút chỉ không nên mua,negative,neutral,neutral,neutral,negative
chất lượng khá tốt nhưng giao hàng chậm từ 1h30 đến 3h30 mới nhận,positive,neutral,negative,neutral,neutral
chất lượng tốt chơi game mượt,positive,neutral,neutral,neutral,positive
không tốt như suy nghĩ đeo không thích hối hận khi mua,negative,neutral,neutral,neutral,negative
quá tệ chất lượng không xứng tiền hình in bong tróc te tua giao 1 cái mới 1 cái cũ đã qua sử dụng,negative,neutral,neutral,negative,negative
giao thiếu hàng nhắn tin shop giả vờ không thấy. không bao giờ mua lại,negative,neutral,neutral,neutral,negative
đặt 2 đôi giao 1 đôi làm ăn kém,negative,neutral,neutral,neutral,negative
giao cái vỏ không có sản phẩm hàng giả lừa đảo,negative,neutral,neutral,neutral,negative
chất lượng như rác không cảm ứng được nhắn tin không trả lời,negative,neutral,neutral,neutral,negative
mới mua về đã rách thủng đáy giao hàng quá lâu,negative,neutral,negative,neutral,negative
lỗi số điện thoại chưa nhận hàng nhưng app báo đã nhận,neutral,neutral,negative,neutral,negative
không ra gì không bằng miếng vải rách tay dí mạnh mới cảm ứng được quá kém,negative,neutral,neutral,neutral,negative
đơn chưa nhận báo thành công nhắn tin shop không trả lời không nên mua,neutral,neutral,negative,neutral,negative
chưa nhận được hàng yêu cầu gửi lại,neutral,neutral,negative,neutral,negative
bao tay dày dí sát cũng không vuốt được màn hình,negative,neutral,neutral,neutral,negative
chất lượng kém không cảm ứng được tháo cường lực vẫn không được,negative,neutral,neutral,neutral,negative
shipper nói không thấy hàng rồi đi luôn mấy ngày sau không giao lại,neutral,neutral,negative,neutral,negative
bình thường không có gì đặc biệt mua cao cấp cũng giống loại thường,neutral,neutral,neutral,neutral,neutral
tệ hết sức bao tay chật kín sợi vải bung từa lưa,negative,neutral,neutral,neutral,negative
không bền dùng 10 lần mất cảm ứng giảm chất lượng,negative,neutral,neutral,neutral,negative
hàng fake đóng gói bằng túi bóng không có hộp,negative,negative,neutral,neutral,negative
không đúng mô tả không cảm ứng với màn hình rất tệ,negative,neutral,neutral,neutral,negative
chờ 5 ngày giao sai hàng chán hiểu shop kiểu gì,negative,neutral,negative,neutral,negative
chất lượng ok nhưng shipper lấy sai tiền,positive,neutral,negative,neutral,neutral
chưa biết chất lượng thái độ phục vụ tệ hết sức,neutral,neutral,neutral,neutral,negative
chất liệu tính năng ok nhưng giao nhầm từ 2 đôi thành 1 đôi,positive,neutral,neutral,neutral,negative
không bị ướt khi chơi game nhưng vải trơn quá mua không dùng tiếc tiền,negative,neutral,neutral,negative,negative
giao hàng chậm ngâm đơn quá hạn yêu cầu trả hàng mới đi giao,neutral,neutral,negative,neutral,negative
bao tay dày quá không cảm nhận được tương tác màn hình kém,negative,neutral,neutral,neutral,negative
chưa nhận được hàng shipper không giao không mượt như quảng cáo,negative,neutral,negative,neutral,negative
chất liệu dày quá cảm ứng không nhạy không ấn được,negative,neutral,neutral,neutral,negative
đổ mồ hôi vẫn không cảm ứng được không nên mua,negative,neutral,neutral,neutral,negative
chất lượng vải khá kém không chịu hoàn tiền cho khách,negative,neutral,neutral,neutral,negative
lúc đầu mượt chơi hơn tuần vuốt không đi nhanh bung sợi bạc,negative,neutral,neutral,neutral,negative
mua 2 đôi giao 1 đôi liên hệ không trả lời lừa đảo,negative,neutral,neutral,neutral,negative
vải dày không ăn cảm ứng,negative,neutral,neutral,neutral,negative
hàng đẹp nhưng lỗi bấm không ăn,negative,neutral,neutral,neutral,negative
bấm vào màn hình rất khó vì quá dày không như mong muốn,negative,neutral,neutral,neutral,negative
chất lượng đểu mua 2 ngón giao 1 ngón,negative,neutral,neutral,neutral,negative
giao thiếu sai sót shop làm việc chậm không xin lỗi,negative,neutral,neutral,neutral,negative
dùng mã giảm giá xuống 0 đồng shop báo mất hàng không hoàn tiền,neutral,neutral,negative,neutral,negative
vận chuyển lâu chưa cầm hàng đã báo thành công,neutral,neutral,negative,neutral,negative
giao quá lâu chất lượng tệ không nên mua,negative,neutral,negative,neutral,negative
đổ mồ hôi di chuyển không được mua 3 cái lỗ luôn,negative,neutral,neutral,neutral,negative
ngón tay to mà găng bé lỏng dễ tuột,negative,neutral,neutral,neutral,negative
dùng ios không được chất lượng kém,negative,neutral,neutral,neutral,negative
bao tay chất lượng kém không cảm ứng được màn hình,negative,neutral,neutral,neutral,negative
bấm mạnh mới dính chơi game bắn súng thua,negative,neutral,neutral,neutral,negative
chưa nhận hàng shipper ghi thành công,neutral,neutral,negative,neutral,negative
dùng 1 2 ngày bung chỉ đắt mà chất lượng kém,negative,neutral,neutral,negative,negative
bấm hoài không ăn hàng lỏ thua cái 10k sai lầm khi mua,negative,neutral,neutral,neutral,negative
không ôm ngón tay bị tuột không nên mua,negative,neutral,neutral,neutral,negative
nhận sai hàng làm ăn quá chán,negative,neutral,neutral,neutral,negative
chất lượng tệ đểu dùng bị khựng,negative,neutral,neutral,neutral,negative
mới nhận hàng đã rách giao hàng chậm không nên mua,negative,neutral,negative,neutral,negative
giao hàng quá lâu chưa nhận được hàng,neutral,neutral,negative,neutral,negative
chất lượng kém không đúng mô tả,negative,neutral,neutral,neutral,negative
báo có hàng giao nhưng không có hàng,neutral,neutral,negative,neutral,negative
găng dày bấm không được chất lượng tệ,negative,neutral,neutral,neutral,negative
đeo vào điện thoại không bấm được phải bấm mạnh,negative,neutral,neutral,neutral,negative
bao tay quá dày không bám màn hình,negative,neutral,neutral,neutral,negative
vải dỏm mau rách mau bung chỉ khi co giãn,negative,neutral,neutral,neutral,negative
đặt 1 kiểu giao 1 kiểu găng không cảm ứng được,negative,neutral,neutral,neutral,negative
đặt 7 bao tay giao được 4,negative,neutral,neutral,neutral,negative
hàng đểu quá tệ không di chuyển được,negative,neutral,neutral,neutral,negative
mạng chậm lag đổi trả khó khăn làm ăn tệ. shop giao nhanh đúng gói cước,negative,neutral,positive,neutral,negative
lừa đảo không đúng mô tả mua gói 1 năm dùng 1 tháng bị khóa. shop không có thiện chí khắc phục,negative,neutral,neutral,neutral,negative
sim ok lắp xài ổn. sau 1 tháng không chạy được trang web nào fb không hiện hình youtube không load nổi. tiền nào của đấy,negative,neutral,neutral,positive,negative
hết tốc độ cao là ngừng truy cập không vào được mạng trên 128kb/s như quảng cáo. giao hàng mất 1 tuần,negative,neutral,negative,neutral,negative
giao hàng nhanh nhưng sim dùng được 1-2 lần rồi mất sóng. nhắn shop giải quyết chậm không trả lời,negative,neutral,positive,neutral,negative
tốc độ 4g tệ. hỏi shop thì bảo tự đến cửa hàng để hỏi,negative,neutral,neutral,neutral,negative
chỉ dùng được dung lượng tốc độ cao hết là đứng hình. giao hàng lâu chất lượng kém,negative,neutral,negative,neutral,negative
chất lượng quá kém 4gb hết nhanh tốc độ thường không load nổi ảnh hỏi shop cũng như không. phí tiền,negative,neutral,neutral,negative,negative
sai mô tả dễ mua nhầm không hỗ trợ nhiệt tình muốn đổi phải chịu tiền ship mất 25%,negative,neutral,neutral,neutral,negative
sản phẩm quá tệ 4gb dùng vài ngày đã hết. hết dung lượng cao coi như phế không chạy nổi ứng dụng thông thường,negative,neutral,neutral,neutral,negative
giao hàng nhanh. sim chất lượng quá kém mất sóng liên tục fb load không nổi,negative,neutral,positive,neutral,negative
đóng gói cẩn thận. sim xài rồi bán cho khách làm ăn chán thật,negative,positive,neutral,neutral,negative
chậm không chạy hàng dỏm. lắp vô không dùng được shop hỗ trợ nhưng không được lúc bảo quay video thì không rep,negative,neutral,neutral,neutral,negative
tôi yêu cầu trả hàng hoàn tiền sao không cho trả. sim lag không chơi game lướt fb được nhắn tin chậm không đáng sử dụng,negative,neutral,neutral,neutral,negative
nhận hàng và sử dụng cũng khá ok chỉ có điều xài mạng được thôi,neutral,neutral,neutral,neutral,neutral
shop lừa đảo sim xài không được hỏi không chịu trả lời,negative,neutral,neutral,neutral,negative
mạng yếu lúc được lúc không. shop không hỗ trợ hoàn trả,negative,neutral,neutral,neutral,negative
sim quá chậm cskh tệ đùn đẩy cho nhà mạng. thử cài đúng như shop nói vẫn chậm thử sim khác ngon lành,negative,neutral,neutral,neutral,negative
đặt 2 sim kích hoạt được 1 nhắn tin hỗ trợ rep lâu không thiện chí giải quyết. bỏ luôn sim ra mua ngoài,negative,neutral,neutral,neutral,negative
lừa đảo lắp sim xài được mấy tuần là hết xài được mà ghi xài 1 năm,negative,neutral,neutral,neutral,negative
đường truyền như hạch mạng không ổn định sài vài ngày chuyển về 3g xong 2g không vào mạng được,negative,neutral,neutral,neutral,negative
shop phục vụ hơi khác ghi chú mạng chậm chơi game ping cao 60 70 thất vọng. lừa đảo,negative,neutral,neutral,neutral,negative
mua sim về yếu còn sim không gửi mã,negative,neutral,neutral,neutral,negative
mua 2 sim không đủ dung lượng 1 sim không data. chat shop trả lời chậm. ngày đầu sóng khỏe ngày sau không có sóng. phí tiền,negative,neutral,neutral,negative,negative
mua 2 sim giao 1 sim. hỏi thì đùn đẩy không đền bù nhắn mãi mới trả lời,negative,neutral,neutral,neutral,negative
shop đóng gói 1 lớp túi nhựa bị rạch mất sim shop không giải quyết,neutral,negative,neutral,neutral,negative
không xài được không sóng không mạng làm ăn chán quá,negative,neutral,neutral,neutral,negative
mạng chạy chậm đôi khi không có 4g dung lượng không như quảng cáo mua 150gb mà chỉ có 100gb. nhắn shop hỗ trợ trả lời chậm,negative,neutral,neutral,neutral,negative
sim không đủ 12 tháng kiểm tra tổng đài chỉ được 11 tháng 10 ngày,negative,neutral,neutral,neutral,negative
sử dụng đúng một ngày đầu còn lại không vào nổi mạng kiểm tra báo 0m lừa nhau,negative,neutral,neutral,neutral,negative
shop lừa đảo 4g 1 tháng làm được gì,negative,neutral,neutral,neutral,negative
sài khá lag lướt fb tiktok xoay vòng gọi zalo đứng hình,negative,neutral,neutral,neutral,negative
dùng hết 4gb không truy cập mạng được nhắn tin cũng không được. yêu cầu trả hàng báo 5-7 ngày giải quyết mà hơn 10 ngày vẫn chưa xong,negative,neutral,neutral,neutral,negative
sóng rất yếu sài 4g tưởng 2g lướt shopee xoay vòng load không nổi,negative,neutral,neutral,neutral,negative
sim lỗi nhắn tin shop không giải quyết không có 3g sài tức thật,negative,neutral,neutral,neutral,negative
chất lượng mạng quá kém fb load không nổi. tiền nào của đó,negative,neutral,neutral,positive,negative
lừa đảo sim xài chưa được 1 tháng ít lên mạng mà giờ không truy cập được nữa,negative,neutral,neutral,neutral,negative
sim dùng như nùi giẻ mạng yếu mất sóng quảng cáo tốc độ cao không trả hàng được,negative,neutral,neutral,neutral,negative
sim giao nhanh. xài 1 ngày lỗi báo sửa không được gửi sim mới mà 1 tuần chưa tới. toi 102k,negative,neutral,positive,negative,negative
dùng 1 tháng đầu ok sau không dùng mạng được. nt shop phản hồi lề mề không vô trọng tâm bắt chuyển tiền mới đổi sim khác,negative,neutral,neutral,neutral,negative
sau 3 tháng dùng quá chán sim cũ mạng toàn h+ sim này 4g mà chậm lòi dù sóng 5 vạch,negative,neutral,neutral,neutral,negative
cskh quá tệ sim không load được dữ liệu nhắn shop 20 ngày chỉ hướng dẫn quanh co không giải quyết,negative,neutral,neutral,neutral,negative
hàng không đúng chất lượng xài 2 tuần hư phôi nhắn shop hỗ trợ shop báo phải chịu phí. mua 420k mà dùng 2 tuần lỗi cskh kém,negative,neutral,neutral,negative,negative
mình mua sim dùng lag xem tiktok zalo nhắn tin đều lag làm theo hướng dẫn vẫn lag. shop chưa đưa ra hướng giải quyết,negative,neutral,neutral,neutral,negative
sim rất lag mạng rớt liên tục làm việc dở load hoài bật tắt máy bay đỡ được lúc lâu lâu mất sóng,negative,neutral,neutral,neutral,negative
quá tệ thất vọng hoàn toàn đọc báo không load nổi chưa nói xem phim. nhắn tin shop im re,negative,neutral,neutral,neutral,negative
hàng trôi mất 3 tháng nói mới kích hoạt gọi tổng đài kiểm tra không chính chủ. shop làm ăn bát nháo,negative,neutral,neutral,neutral,negative
giao hàng quá chậm hủy không cho. 1 lần do bên ship 2 lần do shop không chọn dịch vụ tốt làm ăn tốn thời gian,neutral,neutral,negative,neutral,negative
sài được 1 tháng không sài được nữa liên hệ shop bảo phải trả 70k đổi sim trắng,negative,neutral,neutral,neutral,negative
hỗ trợ khách hàng thờ ơ sim mua được mấy bữa không sài được mạng gọi tổng đài báo khóa 1 chiều shop không hỗ trợ,negative,neutral,neutral,neutral,negative
hàng lỗi shop ghi 5gb 1 ngày nhưng giao sim chu kì 1 tháng 150gb nhanh hết gọi tổng đài báo sim dùng chung nhiều người,negative,neutral,neutral,neutral,negative
giới thiệu sim 1 năm sài được 10 ngày. hết 4gb không vào mạng được liên hệ shop đổ lỗi bắt đến gần cột sóng mới dùng được,negative,neutral,neutral,neutral,negative
sim siêu chậm không đọc báo được. lừa đảo là sim trả sau shop tự gia hạn từng tháng chứ không phải trả trước,negative,neutral,neutral,neutral,negative
dùng 1 ngày không đủ 1 tháng 4gb không dùng được. tốc độ thường rùa bò không dùng được. giao hàng hơn 2 tuần,negative,neutral,negative,neutral,negative
sim dởm quá chập chờn sài hết 4g 1 tháng là nghỉ luôn mới mua 3 ngày,negative,neutral,neutral,neutral,negative
sim hỏng trong thời gian bảo hành shop bảo khách làm hỏng từ chối bảo hành,negative,neutral,neutral,neutral,negative
nhận hàng dùng 10 ngày hết tốc độ cao không truy cập được nữa mua cho mẹ ở quê mobifone bảo sim rác,negative,neutral,neutral,neutral,negative
có 4g 1 tháng hết 4g không đọc báo được luôn. mất 230k cay thật,negative,neutral,neutral,negative,negative
sóng yếu không phù hợp khu vực nghe nhạc chập chờn rớt mạng,negative,neutral,neutral,neutral,negative
tặng 3 que chọc sim ghi tặng 3 sim 3 nhà mạng. quảng cáo xạo lừa đảo,neutral,neutral,neutral,neutral,negative
mua sim hết 4g tốc độ cao thì tịt luôn. nhắn tin hỗ trợ shop chặn luôn,negative,neutral,neutral,neutral,negative
lừa đảo bán sim xài từ mùng 1 đến 12 đã hết sạch không truy cập được không xem youtube,negative,neutral,neutral,neutral,negative
sóng rất yếu liên tục mất tín hiệu mua rồi không đổi được xài viettel đắt xắt ra miếng,negative,neutral,neutral,neutral,negative
sim dùng hết 3g tốc độ cao là không truy cập được nữa shop nhiệt tình nhưng không giải quyết yêu cầu,negative,neutral,neutral,neutral,negative
hướng dẫn không đúng 1 tháng 4gb tốc độ cao sài 5 ngày hết chờ tháng sau mới xài được bực mình,negative,neutral,neutral,neutral,negative
bọn lừa đảo mua 700 nghìn dùng 1 năm mới được 1 tháng tổng đài bắt nạp thêm 510 nghìn không thì cắt số,negative,neutral,neutral,negative,negative
sim 1 năm xài được 1 ngày hết hạn nhờ xử lý không hỗ trợ bắt gọi chụp ảnh,negative,neutral,neutral,neutral,negative
gắn cục phát wifi xài 1 buổi tối hết lướt fb không hiện zalo không kết nối mạng sản phẩm quá tệ,negative,neutral,neutral,neutral,negative
thường xuyên mất sóng gắn camera hành trình mỗi lần mở lên mất sóng phải tháo ra gắn lại,negative,neutral,neutral,neutral,negative
sài được 3 4 tuần mạng rớt mặc dù ít xài chưa hết tốc độ cao,negative,neutral,neutral,neutral,negative
6gb 1 ngày tốc độ rùa bò lúc được lúc không mua 2 cái mất gần 900k thất vọng tràn trề,negative,neutral,neutral,negative,negative
sóng rất yếu dễ mất sóng trong khu dân cư. thời hạn 16 tháng xài 1 tháng không sử dụng được nữa mất hơn 600k,negative,neutral,neutral,negative,negative
mua về xài 1 ngày hết 4g là xong mạng cực kém không lướt nổi facebook,negative,neutral,neutral,neutral,negative
mạng chán load web không nổi chưa sài hết tốc độ cao mà load youtube không nổi,negative,neutral,neutral,neutral,negative
sim lỗi sài được 3 hôm mất sóng đổi sim mới cũng 3 hôm lỗi tiếp mất công oan tiền,negative,neutral,neutral,neutral,negative
không như quảng cáo hết tốc độ cao không truy cập được tốc độ thường 1 tháng 4gb chờ tháng sau,negative,neutral,neutral,neutral,negative
hàng lỗi yêu cầu hoàn tiền shopee gài người dùng có lợi người bán,negative,neutral,neutral,neutral,negative
lừa đảo sim bảo 1 năm về vài ngày vào fb tịt rồi không kiểm tra sim được,negative,neutral,neutral,neutral,negative
mua ngày 25 11 mà 26 12 hết hạn lừa vãi gửi tin nhắn 888 không xem được gói cước shop giao sim cũ,negative,neutral,neutral,neutral,negative
quy trình kích hoạt lằng nhằng mất thời gian nên mua sim khác xài,neutral,neutral,neutral,neutral,negative
hết tốc độ cao không vào được fb nhắn zalo lần 1 shop trả lời lần 2 mất hút,negative,neutral,neutral,neutral,negative
dùng hết 4g vứt xó tưởng hết tốc độ cao vẫn dùng được nhắn shop bảo ra cột sóng,negative,neutral,neutral,neutral,negative
mạng yếu gọi zalo không nghe được gì thất vọng,negative,neutral,neutral,neutral,negative
sim dùng hơn 1 tuần tự nhiên không kết nối được nhắn tin shop không hồi đáp,negative,neutral,neutral,neutral,negative
không nên mua về phải nộp thêm 220k mới dùng được lừa đảo nói miễn phí 1 năm,negative,neutral,neutral,negative,negative
mạng rất yếu chơi liên quân không được tiktok lag giật không đáng tiền,negative,neutral,neutral,negative,negative
xài 1 tháng không vào được buôn bán lừa đảo làm ăn thất đức,negative,neutral,neutral,neutral,negative
ở hà nội không nên mua hết 4g không đọc được báo đắt mà mạng yếu,negative,neutral,neutral,negative,negative
xài đúng 3 ngày mất sóng không vào được shop chuyên bán sim cũ lừa đảo,negative,neutral,neutral,neutral,negative
sản phẩm hơi chán xài có 1 ngày hết dung lượng không truy cập được thất vọng mobifone,negative,neutral,neutral,neutral,negative
giao hàng rất nhanh bọc hàng cẩn thận. giao đúng mẫu. máy nghe rõ nét màn hình lướt nhạy. giá rẻ,positive,positive,positive,positive,positive
chất lượng tốt nghe gọi định vị đúng mô tả. máy nhạy phải tìm cách sử dụng đã,positive,neutral,neutral,neutral,positive
giao hàng đóng gói kĩ càng nhanh chóng. đồng hồ mượt âm thanh cuộc gọi rõ. shop hướng dẫn cài đặt hay và tiện ích,positive,positive,positive,neutral,positive
đồng hồ ngoại quan đẹp dễ tháo lắp sim cài đặt dễ dàng có tiếng việt dễ sử dụng. giá rẻ chất lượng ok,positive,neutral,neutral,positive,positive
rẻ mà nhìn như thật dây màu hồng xinh xẻo. shop trả lời nhiệt tình xứng đáng 10 điểm,positive,neutral,neutral,positive,positive
chất lượng ok đúng mô tả cảm ứng nhạy con đeo đẹp đang dùng hết chức năng điện thoại. đáng mua,positive,neutral,neutral,neutral,positive
định vị chuẩn lắp sim 4g app dễ cài đặt sử dụng. màn hình cảm ứng nhạy. bền hay không dùng thời gian mới biết,positive,neutral,neutral,neutral,positive
đồng hồ màu hồng xinh. đóng gói xịn giao hàng siêu nhanh shipper thân thiện. đợi trải nghiệm sẽ fb lại,positive,positive,positive,neutral,positive
ưng ý đúng mẫu đúng màu chuông và âm thanh rõ nét cháu rất thích,positive,neutral,neutral,neutral,positive
chất lượng tốt đúng mô tả nghe gọi định vị. mua cho con hợp lý biết con đi học đến đâu,positive,neutral,neutral,neutral,positive
hàng giống quảng cáo test dùng ok định vị tốt nghe gọi rõ. nhiều chức năng,positive,neutral,neutral,neutral,positive
rất tốt đủ tính năng đúng mô tả. đồng hồ rất đẹp nhiều tính năng chất lượng tốt giá cả phải chăng,positive,neutral,neutral,positive,positive
chuông rõ cảm ứng ổn. dễ dùng ứng dụng cũng dễ dùng. chưa dùng lâu chưa biết ổn không,positive,neutral,neutral,neutral,positive
đồng hồ đẹp nhận hàng nhanh cảm ứng tốt dễ cài đặt. chưa lắp sim 4g chưa biết định vị tốt không,positive,neutral,positive,neutral,positive
giao hàng nhanh đồng hồ đẹp cảm ứng khá nhạy. giá phải chăng cho đồng hồ nghe gọi mong dùng bền,positive,neutral,positive,positive,positive
chất liệu tốt mùi thơm không giống loại nhựa rẻ. sản phẩm tiện cho các bé âm thanh tốt,positive,neutral,neutral,positive,positive
định vị chất lượng ổn đúng mô tả sản phẩm chắc chắn. hi vọng dùng mượt và bền,positive,neutral,neutral,neutral,positive
mới nhận sản phẩm không biết pin với máy có bền và ổn định không,neutral,neutral,neutral,neutral,neutral
có khay sim màu sắc đúng mô tả. nhận hàng khá ưng mua shop nhiều lần chất lượng ok,positive,neutral,neutral,neutral,positive
sản phẩm đúng mô tả nghe gọi ok tính năng kiểm soát phụ huynh rất tiện nhiều tính năng,positive,neutral,neutral,neutral,positive
so với giá thì ok bền hay không dùng mới biết giao hàng nhanh bọc hàng cẩn thận. đồng hồ dễ sử dụng con rất thích,positive,positive,positive,positive,positive
sản phẩm giống ảnh giao hàng đóng gói kỹ đồng hồ nguyên seal. xài ổn trong tầm giá,positive,positive,positive,positive,positive
đồng hồ đẹp tính năng rất ok sạc từ xịn xò cảm ứng rất mượt. với giá tiền này thì quá ok shop giao hàng tư vấn rất tốt,positive,neutral,positive,positive,positive
đúng mô tả nghe gọi ổn chất lượng tốt. nên mua shop tư vấn nhiệt tình,positive,neutral,neutral,neutral,positive
nghe gọi định vị đúng mô tả âm thanh đàm thoại rõ rất ưng ý. sản phẩm bền nữa thì quá ok,positive,neutral,neutral,neutral,positive
nghe gọi định vị đúng mô tả hàng đóng gói cẩn thận. máy đẹp lướt nhạy. đang tìm cách sử dụng,positive,positive,neutral,neutral,positive
gọi video đỡ hơn đồng hồ cũ âm thanh to nói rõ định vị chuẩn lắm. nên mua cho bé sử dụng,positive,neutral,neutral,neutral,positive
mới nhận hàng chưa sử dụng shop giao đúng hẹn bỏ vào hộp. bước đầu thấy ok,neutral,positive,positive,neutral,positive
thông tin quảng cáo sản phẩm,neutral,neutral,neutral,neutral,neutral
màn hình cảm ứng khá ok shop giao hàng nhanh. máy khá ổn trong tầm giá tiện liên lạc hướng dẫn sử dụng chi tiết,positive,neutral,positive,positive,positive
đồng hồ đẹp hướng dẫn sử dụng cụ thể. đủ chức năng nghe gọi rõ chụp ảnh gọi video định vị tương đối ok,positive,neutral,neutral,neutral,positive
nhận hàng ưng đồng hồ đẹp tem mác mã qr đầy đủ dễ sử dụng đủ chức năng giá ok,positive,neutral,neutral,positive,positive
đồng hồ đẹp bá cháy không lo lạc nhau. shop giao nhanh đóng gói cẩn thận màu đẹp rực rỡ,positive,positive,positive,neutral,positive
shop giao nhanh nhìn rất đẹp chưa có sim chưa thử. rất ưng nên mua,positive,neutral,positive,neutral,positive
đẹp mượt lắm shop hỗ trợ nhiệt tình. sẽ ủng hộ shop khi cần mua tai nghe nghe ấm thôi rồi,positive,neutral,neutral,neutral,positive
màn hình ok giao hàng khá nhanh sản phẩm đúng mô tả. phù hợp giá tiền hi vọng sản phẩm bền bảo hành 12 tháng,positive,neutral,positive,positive,positive
nghe gọi định vị đúng mô tả đóng gói cẩn thận. chưa dùng chưa rõ pin hoạt động hi vọng sử dụng tốt,neutral,positive,neutral,neutral,neutral
nghe gọi rõ ràng cài đặt dễ. tin nhắn mạng viettel,positive,neutral,neutral,neutral,positive
màu đẹp ok. máy móc chưa sử dụng chưa biết nếu ok sẽ ủng hộ shop,positive,neutral,neutral,neutral,positive
định vị đúng mô tả giao hàng nhanh đóng gói cẩn thận chất lượng tốt. sẽ ủng hộ tiếp,positive,positive,positive,neutral,positive
đủ các chức năng đúng mô tả đồng hồ đẹp ngoại quan chắc chắn đẹp mắt. các chức năng chưa trải nghiệm hết,positive,neutral,neutral,neutral,positive
cảm quan tốt dễ sử dụng đúng quảng cáo giao hàng nhanh. độ bền phải kiểm nghiệm,positive,neutral,positive,neutral,positive
nhiều tính năng hay cho bé shop tư vấn nhiệt tình,positive,neutral,neutral,neutral,positive
chạy khá mượt loa to nghe gọi dễ dàng thao tác dễ sử dụng. shop hỗ trợ nhanh nên mua,positive,neutral,neutral,neutral,positive
chất lượng ổn màn hình nhạy cảm ứng tốt tính năng ok dễ sử dụng. giao hàng nhanh có hộp đẹp chắc chắn,positive,positive,positive,neutral,positive
đồng hồ màu đẹp giao hàng hỏa tốc siêu nhanh. nếu dùng tốt sẽ tiếp tục ủng hộ,positive,neutral,positive,neutral,positive
chất lượng ok nghe gọi đúng mô tả không biết bền không nhưng dễ dùng chức năng ok. ship hàng nhanh,positive,neutral,positive,neutral,positive
tính năng ok trong tầm giá hàng đúng mô tả chất lượng ok so với mức giá. trước mắt ưng ý,positive,neutral,neutral,positive,positive
màu sắc đẹp chất lượng tốt. ship nhanh shop tư vấn nhiệt tình săn sale được rẻ. rất tiện ích cho bé và mẹ,positive,neutral,positive,positive,positive
sản phẩm ok đủ tính năng nghe gọi zalo messenger đo nhịp tim. hơn hẳn loại rởm 200k. shop tốt đáng tiền,positive,neutral,neutral,positive,positive
đúng như ảnh cảm ứng mượt. chưa lắp sim nên chưa biết,positive,neutral,neutral,neutral,positive
nghe gọi định vị tuyệt vời đúng mô tả. rất tiện ích giá cả hợp lý rất đáng tiền,positive,neutral,neutral,positive,positive
chất lượng tốt đúng mô tả. shop giao hàng nhanh shipper thân thiện. tính năng chưa thử chưa đánh giá được,positive,neutral,positive,neutral,positive
cài đặt xong xài ok nghe gọi rất rõ hình ảnh rõ định vị từ xa giá hợp lý. độ xài lâu chưa biết do mới mua lần đầu,positive,neutral,neutral,positive,positive
nhận hàng ổn định shipper thân thiện. sẽ trải nghiệm đánh giá sau,neutral,neutral,positive,neutral,positive
giao hàng nhanh đóng gói cẩn thận. khá giống mô tả lướt nhanh ổn phù hợp giá tiền,positive,positive,positive,positive,positive
đúng mô tả nghe gọi định vị cảm ứng tốt. video hướng dẫn sử dụng dễ dàng hài lòng về sản phẩm,positive,neutral,neutral,neutral,positive
đồng hồ thông minh nghe gọi tốt đúng mô tả shop giao hàng nhanh vừa đặt có luôn. chưa trải nghiệm nhiều,positive,neutral,positive,neutral,positive
giao hàng nhanh đóng gói cẩn thận. lướt nhanh ổn phù hợp giá tiền giao diện tạm nét. hơi chống nước bắn không bơi tắm được shop tư vấn nhiệt tình,positive,positive,positive,positive,positive
mình mua cho 2 đứa lắp sim 4g dùng ok,positive,neutral,neutral,neutral,positive
định vị nghe gọi video tuyệt vời đúng mô tả. màn hình cảm ứng mượt như điện thoại con rất thích,positive,neutral,neutral,neutral,positive
đồng hồ rất đẹp ưng ý giao hàng nhanh nhưng chưa lắp sim chưa biết dùng. ok sẽ mua ủng hộ thêm,positive,neutral,positive,neutral,positive
đúng mẫu dễ sử dụng. mọi thứ đều ổn chỉ có pin ngày sạc 1 lần,positive,neutral,neutral,neutral,positive
giao hàng nhanh đóng gói cẩn thận. nghe gọi video định vị ổn cảm ứng mượt mà. shop tư vấn nhanh nên mua,positive,positive,positive,neutral,positive
đúng mô tả gọi video nghe điện thoại xem giờ. màn hình sáng rõ bé thích giá hợp lý,positive,neutral,neutral,positive,positive
giao hàng nhanh đóng gói cẩn thận hàng giống mẫu đúng đủ số lượng,positive,positive,positive,neutral,positive
giao hàng nhanh đóng gói cẩn thận. nghe gọi gọi video ổn trong tầm giá hy vọng dùng bền,positive,positive,positive,positive,positive
định vị đúng mô tả. dùng được 1-2 hôm 5-6 tiếng đã hết pin quá nhanh phải trả lại,negative,neutral,neutral,neutral,negative
shop ship rất nhanh đóng gói cẩn thận màu sắc chất liệu nhìn bề ngoài ổn phải dùng mới đánh giá được,neutral,positive,positive,neutral,positive
nghe gọi video bằng 4g rất tốt định vị chính xác đúng mô tả. shop tư vấn rất nhiệt tình,positive,neutral,neutral,neutral,positive
mua cái thứ 2 rồi sản phẩm tốt lắm mọi người nên mua nhé,positive,neutral,neutral,neutral,positive
nhìn ok gọi video định vị giống hình. cách vận chuyển nhìn bên ngoài rất ok chưa sử dụng không biết thế nào,neutral,neutral,positive,neutral,neutral
sản phẩm đúng mô tả hình thức đẹp nghe gọi định vị. chưa sử dụng sẽ đánh giá sau,positive,neutral,neutral,neutral,positive
giao hàng nhanh đóng gói rất cẩn thận đúng như quảng cáo chưa sử dụng bước đầu thấy shop ok,positive,positive,positive,neutral,positive
tiện lợi cho bọn nhỏ dễ sử dụng nghe gọi tốt,positive,neutral,neutral,neutral,positive
đồng hồ thông minh lắp sim nghe gọi 4g tốt đúng mô tả,positive,neutral,neutral,neutral,positive
máy tầm giá này tính năng thế là ok phù hợp học sinh,positive,neutral,neutral,positive,positive
nghe gọi khá ok giao hàng nhanh hi vọng dùng ổn áp sẽ ủng hộ tiếp,positive,neutral,positive,neutral,positive
nghe gọi định vị đúng mô tả shop giao hàng nhanh đóng gói chỉn chu khá ổn tầm giá,positive,positive,positive,positive,positive
đa chức năng khá ổn màu đẹp nên mua. không biết giữ được bao lâu,positive,neutral,neutral,neutral,positive
tốt dễ dùng đúng mô tả mong là sẽ bền. shop nhiệt tình cẩn thận,positive,neutral,neutral,neutral,positive
giao hàng nhanh chóng đúng hình ảnh của shop,positive,neutral,positive,neutral,positive
mua cho cháu gái thích lắm phải mua thêm sim gắn vào,positive,neutral,neutral,neutral,positive
nghe to rõ gọi video rất ok rất ưng. sẽ tậu cái nữa shop nhiệt tình hướng dẫn,positive,neutral,neutral,neutral,positive
rất ưng quá đẹp săn sale giá rẻ hàng chất lượng sẽ ủng hộ tiếp,positive,neutral,neutral,positive,positive
đồng hồ rất đẹp con rất thích nghe gọi rõ. pin không biết trâu không hướng dẫn nhiệt tình,positive,neutral,neutral,neutral,positive
đóng gói chắc chắn đẹp sử dụng ok nhiều chức năng rất tiện lợi. có bảo hành 12 tháng yên tâm,positive,positive,neutral,neutral,positive
đồng hồ xinh dễ dùng dễ cài đặt màn hình mướt đủ chức năng nghe gọi video rất đáng tiền,positive,neutral,neutral,positive,positive
nghe gọi định vị đúng mô tả. shop giao hàng nhanh đóng gói chắc chắn. đồng hồ đẹp loa nghe rõ cảm ứng mượt nên mua,positive,positive,positive,neutral,positive
nghe gọi đúng mô tả dùng thấy ổn áp mua một thời gian quay lại đánh giá. không biết có bền không,positive,neutral,neutral,neutral,positive
khác với mô tả. chất lượng không tốt,negative,neutral,neutral,neutral,negative
hàng lỗi chất lượng kém mua 2 bộ 1 mắt bị nứt dán kiểu gì chất lượng kém,negative,neutral,neutral,neutral,negative
tệ sai mô tả. keo ít dính không vào cứ bị tuột ra chưa gì đã trầy gần vỡ. mua phí tiền không quay lại,negative,neutral,neutral,negative,negative
sản phẩm không như mô tả. giao đủ đúng hàng nhưng bóc thử 1 cái lắp vào camera điện thoại không vừa,negative,neutral,neutral,neutral,negative
hàng lỗi chất lượng kém không như mô tả. keo không dính để 2 tiếng rớt xuống vũng nước là xong mất tiêu 25k rớt 2 trong 3 cam chán thật,negative,neutral,neutral,negative,negative
giao hàng sai đặt 12 pro giao 12 pro max. shop bán hàng vớ vẩn nhầm lại còn không dính vứt đi,negative,neutral,neutral,neutral,negative
mắt keo dính kém hàng tồn lâu không dính được nữa mua phí tiền,negative,neutral,neutral,negative,negative
chất lượng như lồn không dán được vào cam không nên mua phí tiền,negative,neutral,neutral,negative,negative
bên trong cả 3 mắt cam đều có bụi,negative,neutral,neutral,neutral,negative
chất lượng không tốt dán bị bung ra luôn. sản phẩm không đúng mô tả miếng dán không chắc,negative,neutral,neutral,neutral,negative
không đúng như mô tả đặt màu xanh nhạt shop giao màu xanh đậm,negative,neutral,neutral,neutral,negative
hàng lỗi nhắn tin zalo không thèm trả lời quá tệ,negative,neutral,neutral,neutral,negative
hàng dễ vỡ dễ bong sau khi dán phí tiền,negative,neutral,neutral,negative,negative
mua 2 lần lỗi 2 lần kêu hoàn tiền không thấy. nhắn tin không trả lời quá tệ khuyên đừng mua vứt thôi,negative,neutral,neutral,neutral,negative
dán không sát chân rơi ngay lập tức bán hàng rẻ kém chất lượng bỏ phí 3 bộ bảo vệ cam vì ham rẻ,negative,neutral,neutral,negative,negative
chất lượng kém giao hàng chậm dính kém vừa dính xong rơi ra còn 1 cái lỏng lẻo 1 2 hôm bung nốt,negative,neutral,negative,neutral,negative
hàng mỏng chất lượng kém dễ vỡ không nên mua màu sơn trầy xước xung quanh đánh giá 1 sao,negative,neutral,neutral,neutral,negative
sản phẩm không như mô tả giả mạo chất lượng kém hàng lỗi. kính bên trong đục bẩn không lau được diêu bám bẩn vân tay,negative,neutral,neutral,neutral,negative
không dây sạc cắm dây khác không vào gửi 1 cái loa bật không lên,negative,neutral,neutral,neutral,negative
hàng lỗi shop gửi 16 pro max gắn vào không vừa không chuyên nghiệp,negative,neutral,neutral,neutral,negative
không như mô tả hàng lỗi. mua dán cam không dán được không có keo dính. nhắn tin không trả lời mong anh em né,negative,neutral,neutral,neutral,negative
tiền nào của đó rất mỏng keo dán không ăn dễ rớt không giống hình,negative,neutral,neutral,neutral,negative
phí tiền khuyên anh em không mua không dính một tí nào úp xuống rơi rụng hàng quá kém chất lượng,negative,neutral,neutral,negative,negative
mua sim wintel shop giao sim này không dùng được nhắn tin không trả lời tệ,negative,neutral,neutral,neutral,negative
shop lừa đảo 15 pro max gửi 12 mini lừa đảo,negative,neutral,neutral,neutral,negative
mở hộp hư mất 1 cái lắp không vừa cam còn bung tạm được,negative,neutral,neutral,neutral,negative
chất lượng kém sai lệch so với hình ảnh,negative,neutral,neutral,neutral,negative
mua phí tiền gắn không dính mà bong luôn. giao hàng nhanh,negative,neutral,positive,negative,negative
đặt này giao kia vệ sinh cam sạch khô dán vào 5 phút rớt,negative,neutral,neutral,neutral,negative
giao hàng nhanh dính vào không chắc vừa dính bung luôn,negative,neutral,positive,neutral,negative
chất lượng tốt không nên mua,negative,neutral,neutral,neutral,negative
sản phẩm chán lỏng lẻo dính không bền lúc là bong,negative,neutral,neutral,neutral,negative
nhìn bên ngoài giống mô tả cường lực chống nhìn trộm hụt kính cầm lực nhẹ trúng thì bể cường lực cam keo không dính rơi ra,negative,neutral,neutral,neutral,negative
tệ anh em lưu ý kỹ trước khi mua không lắp được vì không khớp với điện thoại quá tệ luôn,negative,neutral,neutral,neutral,negative
độ bền quá tệ bóc miếng nhựa ra kính không có 1 miếng keo. chất lượng kém chủ shop nhắn không trả lời dẹp tiệm,negative,neutral,neutral,neutral,negative
mỏng tanh chụp hình cam che mờ đen dù lau bao lần khá thất vọng,negative,neutral,neutral,neutral,negative
chất lượng quá tệ không đúng mô tả ốp không có keo toàn bị rơi shop khác tốt hơn vạn lần,negative,neutral,neutral,neutral,negative
anh em đừng mua hỏng cam vỡ bóc ra bung cả mắt cam shopee làm ăn chịu,negative,neutral,neutral,neutral,negative
chất lượng chê mua cam 16 shop ship cam ip bao nhiêu không vừa phí tiền,negative,neutral,neutral,negative,negative
nhìn được nhưng nhận về gắn rớt lên rớt xuống không gắn vô được quá thất vọng,negative,neutral,neutral,neutral,negative
chất lượng tệ sản phẩm vớ vẩn mua tốn tiền lắp vào khói sương mờ cam không chụp được gì không nên mua,negative,neutral,neutral,negative,negative
đừng mua nhà này đồ dán bong ngay ốp cũ rích sử dụng rồi shop không uy tín đừng ham rẻ,negative,neutral,neutral,neutral,negative
không như mô tả mua cho ip 16 lắp vào to hơn không vừa không dán được,negative,neutral,neutral,neutral,negative
mới gắn để túi xíu rút ra rớt mất 1 cam lụm gắn lại rớt hoài không xài được đem giục,negative,neutral,neutral,neutral,negative
chất lượng không tốt bị lỗi không dán được dán vào bong ra không chắc bỏ đi phí 20k chán,negative,neutral,neutral,negative,negative
không đúng mô tả viền camera to trông thô kinh,negative,neutral,neutral,neutral,negative
chất lượng kém gắn được mấy tiếng rớt mất tiêu cân nhắc trước khi mua,negative,neutral,neutral,neutral,negative
sản phẩm tệ chưa từng thấy lắp phát gãy mắt cam xong sơn bong,negative,neutral,neutral,neutral,negative
hàng lỗi không như mô tả giả mạo. đặt 16 không biết size gì gắn vô lỏng lẻo ngửa là rớt,negative,neutral,neutral,neutral,negative
chất lượng tệ đúng mô tả chưa gì đã vỡ thì bảo vệ cái gì,negative,neutral,neutral,neutral,negative
không ok không như quảng cáo rất rất tệ chất lượng kém,negative,neutral,neutral,neutral,negative
hàng tốt lắm bóc ra định dán bung luôn,negative,neutral,neutral,neutral,negative
ship hàng quá lâu về 3 cái dán dính 1 cái 2 cái bong,negative,neutral,negative,neutral,negative
keo dính không ăn dán không được size bự hơn size đặt,negative,neutral,neutral,neutral,negative
độ bền dán không ăn đặt 12prm giao 13 mini,negative,neutral,neutral,neutral,negative
giao hàng sai sản phẩm không hài lòng lần mua hàng này mong shop làm tốt hơn,negative,neutral,neutral,neutral,negative
keo khô bóc lớp màng gắn vô cam rơi cả miếng kính ra ngoài,negative,neutral,neutral,neutral,negative
mua đúng mẫu lắp không vừa là sao,negative,neutral,neutral,neutral,negative
dán 2 mắt ổn 1 mắt không có độ dính bị bong lỏng mắt cam,negative,neutral,neutral,neutral,negative
đặt 15 plus đưa màu xanh đậm chịu shop đóng cửa đi,negative,neutral,neutral,neutral,negative
mua kính 12 pro max đưa 15 pro max không biết dán thế nào,negative,neutral,neutral,neutral,negative
miếng dán không chắc chắn 3 mắt dán được 1 mắt 2 mắt tuột liên tục,negative,neutral,neutral,neutral,negative
không lắp được vào máy nhắn shop không giải quyết chất lượng kém,negative,neutral,neutral,neutral,negative
mua xong lắp không vừa điện thoại lỏng dơi ra,negative,neutral,neutral,neutral,negative
máy cam 16 giao mắt cam 15 vừa được chết liền,negative,neutral,neutral,neutral,negative
gia công ngoài sa mạc bụi từ trong ra ngoài không dùng được 1 kính nào,negative,neutral,neutral,neutral,negative
chất lượng không có keo gắn hàng lỗi hư hỏng,negative,neutral,neutral,neutral,negative
hàng hở keo rớt kính mắt cam kém chất lượng,negative,neutral,neutral,neutral,negative
kim loại rất sắc không mài mòn va vào xước tay mong khắc phục,negative,neutral,neutral,neutral,negative
quá mỏng ốp camera chân quá ngắn không dính vào cam được mua về vứt đi,negative,neutral,neutral,neutral,negative
quá dỏm so với tưởng tượng 1 ngày vô bụi đụng nhẹ rớt,negative,neutral,neutral,neutral,negative
giao nhầm đặt 16 plus sao chuyển thành 12,negative,neutral,neutral,neutral,negative
hàng đểu gắn vào tháo ra hỏng cả mắt cam lừa đảo,negative,neutral,neutral,neutral,negative
quá tệ gắn vào bị rơi ra lỏng keo dán không chặt,negative,neutral,neutral,neutral,negative
kém chất lượng không đúng mô tả lắp vào sát hết máy,negative,neutral,neutral,neutral,negative
làm ăn vớ vẩn mua 16 plus gửi 16prm,negative,neutral,neutral,neutral,negative
kính móp méo không gắn vừa iphone 16 không hữu dụng,negative,neutral,neutral,neutral,negative
không đúng mô tả kính chống nhìn được 2 chiều,negative,neutral,neutral,neutral,negative
cường lực bảo vệ camera ip11prm đểu dán không được,negative,neutral,neutral,neutral,negative
chất lượng kém âm điểm,negative,neutral,neutral,neutral,negative
không biết do máy hay do cam không gắn được mua về giờ không gắn được buồn,negative,neutral,neutral,neutral,negative
bộ 3 cái giao đến mở ra 2 mắt quá lừa đảo giả mạo chất lượng kém,negative,neutral,neutral,neutral,negative
hoàn tiền thì hoàn chứ keo khô dán không dính,negative,neutral,neutral,neutral,negative
cam tháo ra bung luôn lớp keo không dán được,negative,neutral,neutral,neutral,negative
chất lượng kém keo dán lỏng lẻo đi đường rơi mất 1 mắt,negative,neutral,neutral,neutral,negative
giao sai hàng nhắn tin hoàn tiền shop không trả lời,negative,neutral,neutral,neutral,negative
mắt không khớp cam bênh không ấn vào được,negative,neutral,neutral,neutral,negative
không dán được do keo khô hoặc ít keo,negative,neutral,neutral,neutral,negative
hình thức xấu chưa dán đã rụng,negative,neutral,neutral,neutral,negative
gỡ keo muốn rớt luôn miếng dán trong dỏm,negative,neutral,neutral,neutral,negative
sản phẩm hoàn thiện chắc chắn và đẹp chất lượng rất tốt so với giá. shop giao hàng rất nhanh bọc hàng cẩn thận đúng mẫu,positive,positive,positive,positive,positive
shop tư vấn nhiệt tình. ship rất nhanh. đóng gói bao bì rất cẩn thận đẹp. dùng 2 tuần phát sinh vấn đề nhỏ shop nhiệt tình đổi ngay sản phẩm mới. shop uy tín bảo hành tốt,positive,positive,positive,neutral,positive
siêu chất lượng. shop đóng gói cẩn thận. shop giao hàng nhanh tư vấn nhiệt tình dễ thương,positive,positive,positive,neutral,positive
cảm quan chắc chắn đúng mô tả có sẵn cáp nhỏ được shop tặng thêm cáp sạc 3 đầu đầy đủ phụ kiện. đóng gói chắc chắn ship nhanh chóng,positive,positive,positive,neutral,positive
hàng ok cầm nặng tay đúng mô tả. ship nhanh. trả lời tin nhắn thắc mắc nhanh chóng nhiệt tình giải thích mọi thắc mắc,positive,neutral,positive,neutral,positive
sản phẩm đẹp cầm nặng tay dung lượng 30000. ship nhanh giá rẻ,positive,neutral,positive,positive,positive
mẫu mã siêu đẹp có kèm phiếu bảo hành được tặng thêm giá đỡ điện thoại. giao hàng nhanh giá hợp lý đóng gói cẩn thận,positive,positive,positive,positive,positive
sạc ổn tốc độ ổn đúng sản phẩm. giao hàng nhanh,positive,neutral,positive,neutral,positive
mẫu đẹp cầm nặng tay dung lượng ok cắm sạc điện thoại tốt,positive,neutral,neutral,neutral,positive
nhìn đẹp sạc android vào pin nhanh sạc iphone bình thường. hàng giao khá nhanh 3 ngày đến đóng gói cẩn thận,neutral,positive,positive,neutral,neutral
sử dụng thời gian đầu ổn định đúng hàng. nhận hàng đúng giao hàng nhanh,positive,neutral,positive,neutral,positive
hàng ok chất lượng. giao hàng nhanh đóng gói kỹ càng ship thân thiện dễ thương,positive,positive,positive,neutral,positive
nhìn đẹp bằng nhựa có led sáng sạc ok. giao hàng nhanh,positive,neutral,positive,neutral,positive
sản phẩm gửi ok đúng loại ưng ý,positive,neutral,neutral,neutral,positive
tiện lợi dễ mang xách theo dung lượng pin khá lớn đúng mô tả,positive,neutral,neutral,neutral,positive
giao đúng màu 4 cổng sạc ra dùng tốt sạc nhiều thiết bị cùng lúc ok 3 cổng sạc vô ổn định chất lượng pin ổn màn hình hiển thị ok không mờ đèn led sáng cầm đầm tay. đóng gói giao hàng nhanh,positive,positive,positive,neutral,positive
sản phẩm tốt ổn áp trong tầm giá giá vô cùng rẻ. shop hỗ trợ tư vấn rất tận tình,positive,neutral,neutral,positive,positive
chất lượng sản phẩm tạm ổn form chuẩn. hàng đóng gói cẩn thận,positive,positive,neutral,neutral,positive
chất lượng đúng mô tả mẫu mã đẹp kiểu dáng đúng mô tả pin nặng mặt kính rơi rớt dễ hư sạc cả tháng vẫn khá ok,neutral,neutral,neutral,neutral,positive
chất lượng ok sản phẩm tốt quá xịn đáng đồng tiền dùng 1 tuần thấy tốt. ảnh đúng thực tế,positive,neutral,neutral,positive,positive
cục sạc to đẹp nhiều cổng sạc chất lượng tốt cầm hơi nặng tay đúng mô tả,positive,neutral,neutral,neutral,positive
sản phẩm rất nặng rất to hỗ trợ tổng công suất 120w nhận sạc nhanh pin trâu mang đi ngoài rất tiện,positive,neutral,neutral,neutral,positive
sản phẩm tốt đúng mô tả sạc điện thoại tốt tuyệt vời mất 1% sạc để lên được 9% pin,positive,neutral,neutral,neutral,positive
sản phẩm nhỏ gọn cầm chắc tay thiết kế rất đẹp dễ mang đi,positive,neutral,neutral,neutral,positive
sản phẩm thực sự chất lượng sạc 1 lần dùng được cỡ 4 lần dùng chưa hết pin mang đi rất tiện có sẵn dây tốt,positive,neutral,neutral,neutral,positive
hàng tốt sử dụng ok sạc tốt cổng sạc shop bán kèm sạc bình thường ổn công suất sạc phụ thuộc tình trạng máy. shop tư vấn hỗ trợ nhiệt tình có tâm,positive,neutral,neutral,neutral,positive
cầm nặng tay khủng khiếp xịn xò. giao hàng nhanh,positive,neutral,positive,neutral,positive
sản phẩm dùng tốt đúng mô tả,positive,neutral,neutral,neutral,positive
xài êm sạc được 3-4 lần điện thoại. dây sạc kèm theo shop sạc hơi lâu đầy cục pin,neutral,neutral,neutral,neutral,neutral
sạc dùng ok nhanh vào dễ cắm dùng được 3-4 lần đầy pin mới hết. shop dễ thương,positive,neutral,neutral,neutral,positive
sản phẩm đẹp. shop chuẩn bị hàng nhanh đóng gói chắc chắn,positive,positive,positive,neutral,positive
10 điểm nhiệt tình đúng mô tả. shop chuẩn bị hàng nhanh,positive,neutral,neutral,neutral,positive
sạc to chắc chắn màu đẹp đèn led rất thích giống bình ắc quy,positive,neutral,neutral,neutral,positive
sạc nhanh sạc được hơn 3 lần đúng sản phẩm. giao hàng nhanh,positive,neutral,positive,neutral,positive
sạc được cả máy tính bảng. ship nhanh,positive,neutral,positive,neutral,positive
hàng hóa ok có sản phẩm lỗi nhắn shop hỗ trợ nhiệt tình gửi lại hàng mới freeship thái độ phục vụ tốt,positive,neutral,neutral,positive,positive
test sạc thử thấy lên pin pin sẵn trong hộp là 85% hợp lý,positive,neutral,neutral,neutral,positive
sạc đẹp cầm chắc tay sạc ổn dây sạc đi kèm sạc khá nhanh dung lượng 30000 lớn nên sạc vào cục pin hơi lâu dùng dây sạc nhanh của mình ok hơn,neutral,neutral,neutral,neutral,neutral
ổn dây sạc không kéo dài được nhưng gắn dây riêng được hiện tại thấy ok,positive,neutral,neutral,neutral,positive
bình luận tiếng anh về sản phẩm được sửa lại dùng tốt,positive,neutral,neutral,neutral,positive
sản phẩm đẹp dùng thấy khá ok,positive,neutral,neutral,neutral,positive
giao hàng nhanh đúng sản phẩm. shop đóng gói cẩn thận,positive,positive,positive,neutral,positive
chất lượng sản phẩm tốt đúng mô tả,positive,neutral,neutral,neutral,positive
khá chất lượng tiện đúng mô tả. giao hơi lâu do xa,positive,neutral,negative,neutral,positive
hàng gói khá kĩ chất lượng tốt đúng mô tả. giao hàng tạm nhanh,positive,positive,positive,neutral,positive
pin giá rẻ chất lượng phù hợp với giá tiền,positive,neutral,neutral,positive,positive
sạc được lâu. giao hàng khá nhanh,positive,neutral,positive,neutral,positive
sản phẩm tốt. giao hàng nhanh shop tư vấn nhiệt tình,positive,neutral,positive,neutral,positive
chất lượng. giao nhanh shipper vui vẻ nhiệt tình,positive,neutral,positive,neutral,positive
sài tầm tháng thấy ổn sạc chưa tới 4 lần oppo có 5 cổng ra 3 cổng vào led và nguồn hoạt động bình thường pin nặng cầm chắc tay,neutral,neutral,neutral,neutral,neutral
điện thoại cắm vào hơi có vấn đề chưa rõ do máy hay sạc cần theo dõi,neutral,neutral,neutral,neutral,neutral
chất lượng sản phẩm tốt đúng mô tả bài viết sài mấy ngày bị mất,positive,neutral,neutral,neutral,positive
sạc ổn sạc đầy điện thoại khoảng 3 lần khá nhanh thời gian sạc đầy cục sạc dự phòng hơi lâu,neutral,neutral,neutral,neutral,neutral
chất lượng tốt đúng mô tả không có sạc nhanh,neutral,neutral,neutral,neutral,neutral
cục sạc xài ok sạc đầy được 3 lần,positive,neutral,neutral,neutral,positive
tốt đúng với mô tả,positive,neutral,neutral,neutral,positive
bình luận rác tin nhắn rủ freeplay tiếng anh không liên quan,neutral,neutral,neutral,neutral,neutral
bình luận rác châm ngôn cuộc sống không liên quan,neutral,neutral,neutral,neutral,neutral
dùng tháng đầu thấy cũng ok đúng mô tả thời gian sau chưa biết,neutral,neutral,neutral,neutral,neutral
dung lượng pin rất đúng mô tả cầm lên khá nhẹ tay sạc rất ok,positive,neutral,neutral,neutral,positive
pin trâu nên sạc hơi lâu đầy cục pin sạc điện thoại tốt,positive,neutral,neutral,neutral,positive
sản phẩm ok giao đúng như hình chất lượng ok,positive,neutral,neutral,neutral,positive
shop giao đủ và đúng số lượng đã đặt,positive,neutral,neutral,neutral,positive
tưởng không to mà to không tưởng nặng như gạch,neutral,neutral,neutral,neutral,neutral
sản phẩm giống mô tả shop tư vấn nhiệt tình,positive,neutral,neutral,neutral,positive
khá đẹp chất lượng ok đúng mô tả,positive,neutral,neutral,neutral,positive
bị lỗi dây cáp nhưng shop xử lý rất ok,neutral,neutral,neutral,neutral,neutral
pin cầm nặng tay sạc được hẳn 3 lần hơn,positive,neutral,neutral,neutral,positive
dùng sản phẩm tốt sạc siêu nhanh,positive,neutral,neutral,neutral,positive
bình luận rác tin nhắn tổng đài viettel không liên quan,neutral,neutral,neutral,neutral,neutral
mới dùng chưa biết thế nào nhìn thì ok đúng mô tả,neutral,neutral,neutral,neutral,neutral
sản phẩm ok dùng ổn,positive,neutral,neutral,neutral,positive
chất lượng sản phẩm tốt giao hàng nhanh,positive,neutral,positive,neutral,positive
nhìn đẹp chắc tay,positive,neutral,neutral,neutral,positive
shop nhiệt tình trả lời tin nhắn mua sale rất tốt,positive,neutral,neutral,positive,positive
giá rẻ mà sản phẩm chất lượng,positive,neutral,neutral,positive,positive
dung lượng 30000mah vừa đẹp giá tốt,positive,neutral,neutral,positive,positive
hàng đẹp chất lượng rất đáng mua,positive,neutral,neutral,neutral,positive
sản phẩm đúng với mô tả,positive,neutral,neutral,neutral,positive
sản phẩm nhìn vừa mắt,positive,neutral,neutral,neutral,positive
đúng với mô tả ok,positive,neutral,neutral,neutral,positive
bình luận rác tin nhắn trúng thưởng vietlott không liên quan,neutral,neutral,neutral,neutral,neutral
bình luận rác kể chuyện livestream không liên quan,neutral,neutral,neutral,neutral,neutral
bình luận rác gõ chữ vô nghĩa không liên quan,neutral,neutral,neutral,neutral,neutral
bình luận rác thông tin đào hố móng không liên quan,neutral,neutral,neutral,neutral,neutral
bình luận rác gõ phím vô nghĩa không liên quan,neutral,neutral,neutral,neutral,neutral
pin bị lỗi shop giải quyết nhanh chóng chuyên nghiệp sạc cho điện thoại nhanh,positive,neutral,neutral,neutral,positive
mua 2 lần rồi sản phẩm dùng rất tốt sạc nhanh giá rẻ bảo hành tốt,positive,neutral,neutral,positive,positive
trong 1 tháng sử dụng pin khá ổn sài bình thường sài dây nhanh xịn thì sạc siêu nhanh đúng mô tả chất lượng ok. shop giải thích chu đáo,positive,neutral,neutral,neutral,positive
gửi hàng kẹp 2 miếng bìa cường lực bể vỡ. nhắn tin không phản hồi,negative,negative,neutral,neutral,negative
săn sale đồ hỏng. đóng gói cẩn thận nhưng hàng đến tay vỡ,negative,positive,negative,positive,negative
săn sale cường lực vỡ nát. ship rất nhanh bọc nhiều lớp nhưng không dùng nổi,negative,positive,positive,positive,negative
mở ra miếng dán đã vỡ tan mặc dù bọc không ít xốp,negative,positive,neutral,neutral,negative
sản phẩm gói bọc rất kỹ khả năng shop gói hàng vỡ rồi gửi. làm ăn mất uy tín,negative,positive,neutral,neutral,negative
vỡ không dùng được xử lý không thỏa đáng lỗi từ trước vì gói kĩ bọc các kiểu,negative,positive,neutral,neutral,negative
cường lực bị mẻ không có khăn lau không băng dính tháo dán lại không vuốt nổi,negative,neutral,neutral,neutral,negative
đặt 7plus ship nhầm và bị vỡ hết. giao nhầm sản phẩm thiếu chuyên nghiệp giá rẻ,negative,neutral,neutral,positive,negative
đặt trắng giao đen. nhắn không trả lời bóc ra 1 chiếc bị vỡ vợt sale ship nhanh,negative,neutral,positive,positive,negative
chọn xsmax giao x bé tí không dùng được làm ăn không có tâm,negative,neutral,neutral,neutral,negative
vỏ bọc rất kĩ và dày mà kính cường lực bị vỡ. bị vỡ trước khi vận chuyển,negative,positive,neutral,neutral,negative
bọc kĩ càng có lớp bìa chồng nhưng mở ra cường lực đã vỡ nát từ trước,negative,positive,neutral,neutral,negative
nhận được hàng đã nứt đôi vì không có hộp đựng tuy bọc rất dày. giá 1k không đòi hỏi,negative,neutral,neutral,positive,negative
giao cường lực bị bể vỡ từ trước chứ không phải bên giao hàng làm ăn không có tâm,negative,neutral,neutral,neutral,negative
gói hàng siêu cẩn thận đơn săn sale giao cái cường lực vỡ giá 9k lằng nhằng,negative,positive,neutral,positive,negative
hàng kém chất lượng vừa mở ra đã bị vỡ nửa màn,negative,neutral,neutral,neutral,negative
bọc hàng kĩ mấy lớp mà vẫn vỡ cố tình giao hàng hỏng cho khách,negative,positive,neutral,neutral,negative
đóng gói sản phẩm hời hợt khi nhận được hàng bị vỡ,negative,negative,neutral,neutral,negative
gói hàng rất kỹ bọc nilon chống sốc mấy lớp. kính lỗi lỗ camera bị lệch che hết cam không chụp được,negative,positive,neutral,neutral,negative
sản phẩm vỡ nát bét mặc dù bên vận chuyển đóng gói cẩn thận nhắn tin hỏi cách giải quyết shop không trả lời,negative,positive,neutral,neutral,negative
kính cường lực đựng trong miếng carton trong bao chống sốc không đủ cứng bảo vệ bị vỡ. giá 1k,negative,negative,neutral,positive,negative
chất lượng sản phẩm kém bọc rõ to mà kính bị vỡ không có lau kính,negative,positive,neutral,positive,negative
mở ra đã vỡ cách bọc chống sốc kém giá mấy nghìn không so đo,negative,negative,neutral,positive,negative
mua 1k mở ra cường lực nứt hết,negative,neutral,neutral,positive,negative
bỏ tiền mua nhận hàng vỡ. kêu hoàn tiền không thấy trả lời lâu vòng vo,negative,neutral,neutral,neutral,negative
hàng dễ vỡ thất vọng hoàn toàn. yêu cầu hoàn tiền thì vặn vẹo đủ đường,negative,neutral,neutral,neutral,negative
chất lượng rất kém mua về vứt thùng rác đóng gói rất đẹp và chắc chắn,negative,positive,neutral,neutral,negative
giao màn hình cường lực bị vỡ đòi hoàn tiền thương lượng trả 1k nhắn tin chủ chặn luôn,negative,neutral,neutral,positive,negative
mua 2 cái cường lực 1 cái bị gãy ngang nhắn tin phản hồi rất lâu đòi video,negative,neutral,neutral,neutral,negative
mua 10 cái vỡ 7 cái đóng hàng không hộp chỉ quấn bọt khí ấn đã nhận không khiếu nại được,negative,negative,neutral,neutral,negative
gói ghém thấy cẩn thận mà bóc ra thấy cường lực nát bét,negative,positive,neutral,neutral,negative
ngoài đơn ghi đúng phân loại bóc ra máy khác màu khác không dùng được đơn 1k,negative,neutral,neutral,positive,negative
đóng gói siêu chắc chắn mở ra kính bị vỡ tan tành không quay video mở hàng,negative,positive,neutral,neutral,negative
đóng gói sơ sài không để hộp chỉ gói bằng lớp chống va đập ship đến nơi đã vỡ chất lượng kém chóng vỡ,negative,negative,negative,neutral,negative
đóng gói rất cẩn thận mở ra kính vỡ không có miếng lau kính thất vọng,negative,positive,neutral,neutral,negative
sản phẩm bọc rất cẩn thận nhận hàng nhanh không có giấy lau kính chán luôn,neutral,positive,positive,neutral,neutral
kính bị vỡ shop gói 2 lớp chống sốc gửi thứ đồ rác giá 1k,negative,positive,neutral,positive,negative
hàng bị vỡ nhắn tin từ hôm qua đến hôm nay không trả lời giao hàng muộn đợi hơn 5 ngày nhận được mảnh vỡ,negative,neutral,negative,neutral,negative
quá tệ không có bông lau kính giao cùng hà nội gần chục ngày mới nhận,negative,neutral,negative,neutral,negative
đặt 6s giao loại nhỏ tí không vừa không dùng được mua rẻ thành đắt,negative,neutral,neutral,positive,negative
đặt 5 cái gửi 2 cái vỡ nhắn tin hỏi trả lời đổ lỗi không nhận trách nhiệm không quay video thất vọng,negative,neutral,neutral,neutral,negative
chỉ bọc bằng 2 miếng bìa nhận hàng cường lực đã vỡ đôi,negative,negative,neutral,neutral,negative
bán cường lực không có miếng lau không hài lòng,negative,neutral,neutral,neutral,negative
đóng hàng chán kẹp vào miếng bìa gãy kém uy tín,negative,negative,neutral,neutral,negative
không dẻo như quảng cáo khó dán không có miếng lau bọc một đống màng chống va đập vẫn vỡ kính,negative,positive,neutral,neutral,negative
shop đóng gói chưa kĩ bên ship làm vỡ kính cường lực kính hơi mỏng,negative,negative,negative,neutral,negative
mua nhiều lần lần này lại bị nứt vỡ tiếp không biết do đơn vị vận chuyển hay shop đóng gói lỗi mua flash sale không quay video,negative,neutral,neutral,positive,negative
mua 4 cái giao 1 cái bảo gửi video xong bảo không rõ nên không giải quyết quỵt tiền,negative,neutral,neutral,neutral,negative
mô tả ghi dùng được đến ip14prm về không sạc được nhắn tin không trả lời sản phẩm lỗi không có chỗ chọn dòng máy,negative,neutral,neutral,neutral,negative
vỡ từ trước gói hàng có vẻ cẩn thận bóc cực mở ra thấy vết vỡ đánh giá 1 sao,negative,positive,neutral,neutral,negative
chọn 6/6s plus gửi 6 bị vỡ ở góc đóng gói cẩn thận nhưng không vừa ý,negative,positive,neutral,neutral,negative
hàng lởm giòn cường lực không có lớp keo bảo sao đóng gói kĩ,negative,positive,neutral,neutral,negative
chất lượng sản phẩm quá kém hàng bị vỡ từ trước vẫn giao khách giá rẻ cskh kém nhắn không lại,negative,neutral,neutral,positive,negative
mua giảm giá sale 9k bóc ra hàng bị nứt tè le lỗi của bán hoặc ship liên hệ đổi trả mất công bỏ luôn,negative,neutral,neutral,positive,negative
gói rất cẩn thận khui ra miếng dán bể tan người bán cẩn thận dặn quay video vận chuyển làm hư giao lâu,negative,positive,negative,neutral,negative
đặt hàng nhiều lần lần 2 bị thiếu đặt 3 giao 1 tổng 7 giao 6 chán không đặt nữa,negative,neutral,neutral,neutral,negative
hàng sale chất khá chán mua 2 tấm không có tấm lau màn hình 1 tấm bị bóc có bụi vân tay không dán được,negative,neutral,neutral,positive,negative
mua 8 plus gửi ip5 bọc rất kỹ nhưng lại bể gửi hàng hỏng hàng 1k ship 27k đắt,negative,positive,neutral,negative,negative
hàng đóng gói quá sơ sài cường lực kẹp vào giữa bìa carton mở ra vỡ vụn săn giá 1k không đổi trả,negative,negative,neutral,positive,negative
thiếu trách nhiệm giao cường lực bị bể không cho hoàn trả đóng gói bằng miếng carton mỏng vận chuyển bể,negative,negative,negative,neutral,negative
chất lượng rất tệ không kiểm tra trước khi giao chỗ bị đọng khí vênh lên không dán được thất vọng,negative,neutral,neutral,neutral,negative
hàng vỡ vẫn gói cho khách nhắn tin không trả lời không một câu xin lỗi,negative,neutral,neutral,neutral,negative
hàng dễ vỡ đóng gói sơ sài vỡ thiệt chat với shop mấy tiếng không phản hồi,negative,negative,neutral,neutral,negative
đóng gói sơ sài không có hộp cho miếng dán kính bỏ ra bị vỡ yêu cầu hoàn tiền,negative,negative,neutral,neutral,negative
gói hàng không kỹ bị vỡ liên hệ hoàn tiền không có tinh thần trách nhiệm,negative,negative,neutral,neutral,negative
sản phẩm không như ảnh mỗi kính không có phụ kiện gì,negative,neutral,neutral,neutral,negative
giao sai hàng nhắn tin bảo giao lại không được không coi trọng khách hàng,negative,neutral,neutral,neutral,negative
shop giao thiếu hàng thiếu cái ốp lưng làm mất shopee xu,negative,neutral,neutral,neutral,negative
vừa bóc ra vỡ hết kính shop làm thất vọng,negative,neutral,neutral,neutral,negative
gửi cái kính không không có miếng lau mô tả ghi rõ bao gồm hộp và lau kính hàng 1k,negative,neutral,neutral,positive,negative
sản phẩm không như mong muốn giao hàng rất chậm chat mãi mới phản hồi cường lực bị vỡ không hoàn đền thất vọng,negative,neutral,negative,neutral,negative
đóng gói cực tệ săn sale đóng hời hợt kính cường lực không có gì bảo vệ đặt 3 hỏng cả 3 nhắn tin hơn 1 ngày không rep,negative,negative,neutral,positive,negative
giao tới thì đã bể nhắn tin shop bảo xem lại camera rồi im luôn đợi mấy ngày chưa hồi âm tệ không quay lại,negative,neutral,neutral,neutral,negative
cố tình giao hàng đểu bọc kĩ mở ra đã nứt chắc chắn bị hư trước khi gửi,negative,positive,neutral,neutral,negative
đặt cường lực 11pro max giao xsm shop không biết đọc chữ,negative,neutral,neutral,neutral,negative
đến tay bóc ra đã thấy vỡ tan tành dù bọc nhiều lớp mua 11k không quay lại,negative,positive,neutral,positive,negative
đặt 7plus ship kính ip5 nhắn shop giải quyết không thèm rep đánh giá 1 sao,negative,neutral,neutral,neutral,negative
bao bọc rất kỹ lưỡng cố xả hàng hỏng hàng lỗi cho khách thất vọng không có lần sau,negative,positive,neutral,neutral,negative
kính giao đến bị vỡ nhắn tin riêng không phản hồi chỉ đưa số điện thoại gọi,negative,neutral,neutral,neutral,negative
nhận hàng màn hình đã bể kêu đổi thì bắt qua clip này nọ đừng mua shop này,negative,neutral,neutral,neutral,negative
làm ăn dối trá đóng gói nhìn rất chắc chắn mở ra thì bể không phải do vận chuyển,negative,positive,neutral,neutral,negative
nhận hàng bị gãy nhắn shop bảo qua cửa hàng đổi mình ở xa dịch không qua được,negative,neutral,neutral,neutral,negative
đóng gói rất chán kính cường lực chỉ bọc chống sốc không có hộp đựng vừa mở đã vỡ rất tệ,negative,negative,neutral,neutral,negative
kính bị vỡ hàng săn 1k buồn,negative,neutral,neutral,positive,negative
sản phẩm bị vỡ không có hộp đi kèm chất lượng vô cùng kém vô trách nhiệm,negative,neutral,neutral,neutral,negative
