summary,quality,packaging,shipping,price,overall
"đúng mẫu tốt Shop đóng gói cẩn thận, giao hàng nhanh, sản phẩm chất lượng tốt, ốp lưng iPhone đẹp chống sốc tốt, shipper thân thiện nhiệt tình",positive,positive,positive,neutral,positive
tốt đúng mẫu Shop đóng gói cẩn thận giao hàng nhanh sản phẩm tốt ốp lưng iPhone mềm dẻo chắc chắn chống sốc chất lượng tốt shipper thân thiện nhiệt tình,positive,positive,positive,neutral,positive
"đúng 100/10 Ốp vừa khít, đẹp, mua ốp trong khỏi cần phải đắn đo mà còn đẹp nữa Ốp 100 điểm vì nhờ nó đã cứu mình một mạng Rơi xuống mà máy không vấn đề gì Sẽ còn ủng hộ shop dài dài ạ",positive,neutral,neutral,neutral,positive
"ốp lưng iphone trong suốt cao cấp iphone 11 Promax Mình đã mua shop 3 lần, hàng bền, đơn giản nhưng lại rất đẹp. Thank shop",positive,neutral,neutral,neutral,positive
ốp điện thoại iphone ốp đẹp dầy giống ảnh mẫu Hàng giao nhanh còn có giấy lau tặng kèm rất tốt Shipper thân thiện vui vẻ Ốp đẹp Trong suốt dầy dặn và mềm Đẹp giong ảnh mẫu Nên mua nha mọi người shop rất tâm lí Cảm ơn Ơndbkkpa ksnwks,positive,neutral,positive,neutral,positive
"Tốt đúng Ốp đẹp nha mọi người, vừa rẻ lại vừa đẹp, đóng gói sản phẩm kỹ càng và giao hàng nhanh 🥰 sẽ ủng hộ shop nhiều hơn",positive,positive,positive,positive,positive
đúng tuyệt vời Ốp đẹp và ốp vào nhìn như điện thoại mới luôn. Giao hàng cũng khá nhanh,positive,neutral,positive,neutral,positive
"Như quảng cáo Tốt Ốp đạt yêu cầu, chất lượng tương đối tốt, mẫu mã đẹp; giao hàng nhanh, đúng với đơn đặt hàng; chấm điểm 5 SAO.",positive,neutral,positive,neutral,positive
đúng đẹp Giao hàng nhanh đóng gói cẩn cẩn thận giá lại rẻ nữa lần sau sẽ ủng hộ thêm nên mua nha mọi người,positive,positive,positive,positive,positive
danh gia 5 sao đúng với quảng cáo Sản phẩm chất lượng tốt đúbg như quảng cáo giá thành rẻ sản phẩm chất lượng. Gioa hàng đúng hẹn. Shop đóng gói kĩ càng trước khi vận chuyển. Đánh giá 5* và tiếp tục ủng hộ lần nữa. Mọi người nên tham khảo để mua nha,positive,positive,positive,positive,positive
đúng ok Hàng giao nhanh. Đóng gói cẩn thận. Ốp đẹp phù hợp với giá tiền nên mua ạ,positive,positive,positive,positive,positive
"okelaaaaa đúnggggg Ốp nhìn dày dặn đẹp ghê luôn í, giá siêu hời luôn 😍 cảm ơn shop nhiều lắm ạaaaaa",positive,neutral,neutral,positive,positive
"Sản phẩm đúng với mô tả ,giao hàng nhanh , đóng gói cẩn thận ,chất lượng sản phẩm tốt , sau sẽ mua ủng hộ shop tiếp , nên mua nhé mọi người .giá cũng hợp lý rẻ hơn so với những shop khác nhưng chất lượng vẫn đảm bảo",positive,positive,positive,positive,positive
"Sản phẩm tốt giống mô tả, shop đóng gói rất cẩn thận, ốp lưng đẹp bo máy cầm rất chắc chắn, shiper giao hàng cũng thân thiện và lịch sự, cám ơn shop",positive,positive,positive,neutral,positive
"y vậy tốt Sản phẩm giống y hình. Mẫu đẹp và sắc nét. Ốp dày dặn chắc chắn, … Shop đóng hàng kĩ lưỡng và nhanh chóng giao hàng. Sẽ ủng hộ thêm 💗💗💗💗💗",positive,neutral,positive,neutral,positive
"Thông tin sản phẩm: - Viền nhựa dẻo, ôm tay, chống trơn trượt - Đa dạng, phong cách trẻ trung, hot trend bắt xu hướng - Mực in chất lượng cao,sắc nét, không gây hại cho da - Công dụng: Là phụ kiện thời trang, thay đổi màu sắc cho điện thoại, giữ điện thoại chắc chắn trên tay, an toàn chống trầy xước, bảo vệ chiếc điện thoại khỏi va đập.",negative,neutral,neutral,negative,negative
"đúng tốt Ốp iPhone rất đẹp, xịn. Đúng như lời shop mô tả, mình sẽ mua ủng hộ shop nhiều lần hơn nữa. Cảm ơn shop",positive,neutral,neutral,neutral,positive
dung mo ta ok Giá tốt ốp đẹp nha. Mua cả lố về dùng dần hợp lý. Lần sau mua tiếp sẽ nghĩ đến shop đầu tiên,positive,neutral,neutral,positive,positive
"Với giá thành chưa đến 13k 2 ốp cả ship về tay vừa nhanh vừa ưng như thế này thì kể cả ố, dùng 1 tgian bỏ đi cũng đc. Ốp rẻ nhưng vừa khít máy và ôm cụm cam nha 👍🏻👍🏻👍🏻",positive,neutral,positive,positive,positive
ok tốt Hàng giá rẻ đẹp giao hàng nhanh ship nhiệt tình cho 5 sao lsau tiếp tục ủng hộ shop,positive,neutral,positive,positive,positive
"tốt đúng Tôi đã nhận được sản phẩm , vận chuyển nhanh , đóng gói cẩn thận, giá rẻ. Cảm ơn shop sẽ ủng hộ tiếp tục",positive,positive,positive,positive,positive
"Shop cbi hàng đầy đủ, bọc hàng kỹ Đóng gói cẩn thận, giao hàng nhanh Hàng chất lượng Chúc shop buôn may bán đắt nha 💕💕💕",neutral,positive,positive,negative,positive
"Chất lượng: rất mềm dẻo, dễ tháo lắp, veaf vặn kits với điện thoại Bảo vệ: chawcs laf toits Bao gói tốt cẩn trọng và tốt. Chuyển hàng rất nhanh. Ship per lịch sự nhiệt tình. Hàng này có vẻ tốt. Hy vọng không bị ố vàng. Ủng hộ shopee",positive,positive,positive,neutral,positive
Chất lượng: tốt Bảo vệ: ok Mình đã nhận được hàng và rất hài lòng với sản phẩm cũng như phục vụ tư vấn khách hàng lễ phép và lịch sự. Sẽ tiếp tục ủng hộ shop nhiều lần nữa ạ,positive,neutral,neutral,neutral,positive
"đúng tốt đẹp, vừa với đthoai, có tặng miếng giấy gì á mình kh biết để làm gì, rẻ nên mọi người nên mua nha, cho shop 5 sao",positive,neutral,neutral,positive,positive
vừa vặn chính xác Đeo vừa in luôn nha tui thích có màu mà tui ko thích nên mua ốp trong,positive,neutral,neutral,neutral,positive
dung tot Ốp xinh xẻo. Bóc kiện hàng nhìn chỗ miếng vệ sinh tặng kèm sốc ngang luôn. 1 đống :)) k biết dùng sao cho hết. Nhưng mà cảm ơn shop nha. Dễ thương hết sức :)),positive,neutral,neutral,neutral,positive
"đúng đẹp, cứng cáp Đóng gói cẩn thận,giá cả hợp lí, giao hàng nhanh,… nói chung là rất tuyệt zời 😘",negative,positive,positive,positive,positive
"tốt đúng Mình đã mua của shop nhiều lần và vẫn tin tưởng ủng hộ shop vì chất lượng ổn áp, giá thành hợp lý. Nên mua nhé mn",positive,neutral,neutral,positive,positive
"Đúng Tốt Giao hàng nhanh, đóng gói cẩn thận. Ốp đẹp giống ảnh. Cường lực đóng gói chống sốc kĩ. Tặng quá nhiều giấy lau màn hình. 10 điểm!",positive,positive,positive,neutral,positive
"Rất tốt đúng Ốp siu xịn luôn ạ, cứng, chắc chắn, sẽ ủng hộ lần sau nếu có ố vàng ạ",negative,neutral,neutral,neutral,positive
"dung Ốp siuuuuuu xinhhhhh nha mng ơi, mua đến lần thứ N r mà chỉ mua của sốp này thui, chất liệu cứng cáp, cầm đầm tay thích lắm k có bị mỏng đâu, ncl đẹp, sẽ còn mua lại nũa",negative,neutral,neutral,neutral,positive
dẻo oke đúng Giao hàng siêu tốc độ siêu nhanh đặt chiều qua sáng nay có hàng luôn rồi,positive,neutral,positive,neutral,positive
"tốt giống với mô tả Sản phẩm giống hình, giao hàng nhanh, giá khá hạt dẻ (video chỉ mang tính chất )",positive,neutral,positive,positive,positive
tốt đúng Mình đã nhận được hàng và rất hài lòng với sản phẩm. Sẽ ủng hộ shop lần sau nhé ạ ♥️♥️♥️♥️♥️,positive,neutral,neutral,neutral,positive
tốt đúng Ốp đẹp giá cả vừa phải shop đóng gói hàng kĩ mn nên mua để bảo vệ đt mk nhé,positive,positive,neutral,positive,positive
ok ok Cho shop 5 sao. ảnh tự chụp và video tự quay. giao đủ số lượng giấy lau.,positive,neutral,positive,neutral,positive
"Đúng mẫu ,màu tốt Giao hàng nhanh , đặt hôm trc hom sau có luôn ạ Ốp xinh lắm nên mua nha mn ưi ❤️❤️❤️",positive,neutral,positive,neutral,positive
"dung nhua deo Hàng đẹp lắm ạh. Dày dặn, nhẹ. Sẽ ủng hộ shop dài dài. Cảm ơn nhiều ạh. Hàng giao nhanh",positive,neutral,positive,neutral,positive
đẹp đẹp vừa với Đt đúng mẫu giao hàng nhanh sẽ ủng hộ dài dài .m.n nên mua nha đẹp lắm,positive,neutral,positive,neutral,positive
"chắc cũng vậy cứ thường thường thôi ?! Same same the same Cảm ơn shop Miin_shopcase đã nhận được đủ hàng, đúng hàng, hàng nguyên vẹn, đóng gói ổn đẹp gọn chuyên nghiệp, thời gian giao hàng nhanh tiêu chuẩn. Thanxxxxx shop miin_shopcase & Shopee nhiều nhiều.",positive,positive,positive,neutral,positive
ốp đẹp cầm rất chắc tay Giao hàng nhanh shop tl tn rất nhanh tư vấn hỗ trợ quá là nhiệt tình lần sau chắc chắn sẽ mua lại. Cho shop 5 sao,positive,neutral,positive,neutral,positive
dung tot giao hàng nhanh lắm nha. mình k nghĩ được tặng nhiều khăn giấy ướt lau kính vậy luôn á . 20 cái lận ốp thì dày dặn đẹp nha .lại rẻ nữa,positive,neutral,positive,positive,positive
ok đúng Ốp dày dặn khá là chắc chắn. Ốp ipx màu đen đẹp. Ốp che cam không lo bị trầy xước cam,negative,neutral,neutral,neutral,positive
"dung tốt Ốp lưng đẹp, gói kĩ, giao hàng nhanh, giá rẻ, tặng cực kì nhiều khăn 🤣 mọi người nên mua nha",positive,positive,positive,positive,positive
tốt chuẩn Sản phẩm ốp điện thoại này khá đẹp nha mỏng trong suốt cầm chắc tay đáng mua,negative,neutral,neutral,neutral,positive
"ddungs ổn Mình mua với giá trên live sale, tính ra 1 ốp 13K. Dùng 1 time thì chắc chắn sẽ vàng hoy nè nhưng mà giá này thì ko đỏi hỏi 1 ộp mình dùng được tầm 1-2 tháng",positive,neutral,neutral,positive,positive
ok ok nói chung là rất thích màu trắng đt màu trắng ốp như này ưng xỉu luôn nhé mn ủng hộ shops nha,positive,neutral,neutral,neutral,positive
"ok ok Giao hàng nhanh đóng gói cẩn thận tặng kèm nhiều khăn lau cường lực màn hình, ốp đẹp ok nha nên mua nhé mọi người",positive,positive,positive,neutral,positive
"good đúng Đẹp xỉu mà rẻ nữa á, mua liền mấy bà ơi,giá hạt dẻ mà ốp về cầm thích xỉu ấy, dẻo mà chắc tay, ốp vô k sợ đt rơi vỡ luôn ấy",positive,neutral,neutral,positive,positive
"tốt 100% Ốp đẹp, dày dặn, shop giao hàng nhanh và a shipper cũng thân thiện. Mình sẽ tiếp tục ủng hộ",positive,neutral,positive,neutral,positive
"nhựa dẻo, bền, chắc chắn đúng với mô tả giao hàng nhanh, dùng tốt",positive,neutral,positive,neutral,positive
Đúng Đẹp Ốp đẹp giao hàng nhanh rất ưng sẽ ủng hộ thêm,positive,neutral,positive,neutral,positive
"Sản phẩm chất lượng tốt, chuận bị, đóng gói và xử lý giao hàng nhanh, giá cả phù hợp với chất lượng. Săn sale được giá hợp lí",positive,positive,positive,positive,positive
"tốt Shop đóng gói và chuẩn bị hàng cẩn thận đầy đủ, gia hàng nhanh, chất lượng",positive,positive,neutral,neutral,positive
đúng mô tả đúng Giao hàng nhanh giá thành rẻ hơn nhiều so với những chỗ khác được không lên đòi hỏi gì vì tiền nào của đấy,positive,neutral,positive,positive,positive
"trong suốt tốt Ốp de thương lượng sóng 2ben nhìn kute qua,chúc shop mua may ban đắt,lần sau mjnh sẽ ủng hộ tiếp",positive,neutral,neutral,negative,positive
tốt Đẹp giá rẻ hay và tuyệt vời sẽ u gr hộ làn tiếp theo shop uy tín chất lượng độ bền cao và chắc chắn ko có vấn đề gì nên shop sẽ tiếp tục phát huy,positive,neutral,neutral,negative,positive
"okela dug =))))))))))))))))) ê hay lắm mng, mua cái ốp 4k mà dc tặng 3 dây giấy ướt khô luôn ấy🌝",positive,neutral,neutral,neutral,positive
ddungs voiws moo tar tốt Sản phẩm đẹp. Màu hồng vs nơ như này xinh xĩu luôn. Mà shop còn tặng kèm cả giấy lau màn hình điện thoại nữa,positive,neutral,neutral,neutral,positive
đúng đẹp Nhìn rất là dễ thương hình in sắc nét đc tặng nhiều đồ lắm rẻ nữa rất đáng tiền mua k canf suy nghĩ,positive,neutral,neutral,positive,positive
"Trong không khí rộn ràng của năm mới, Shopee hân hoan mang đến cho các tín đồ mua sắm sự kiện Shopee 25.01 - Tết Sale với ưu đãi Giảm Giá đến 90%, mở ra một thế giới mua sắm không giới hạn. Đặc biệt, cơ hội nhận ngay Voucher",neutral,neutral,neutral,positive,positive
"Giao hàng đúng, chuẩn , sản phẩm đẹp, màu sắc nét, xinh lắm, chất lượng tuyệt vời, đã mua rất nhiều lần của shop, sẽ ủng hộ thêm, thực sự thích, giá rẻ, không ngờ shop lại rẻ như vậy",positive,neutral,positive,positive,positive
Chất lượng sản phẩm tốt Đúng với mô tả đẹp Bo góc cực đẹp Shop 5*,positive,neutral,neutral,neutral,positive
"Chất lượng sản phẩm rất tốt, đóng gói cẩn thận, nhận hàng nhanh chóng. Chất lượng sản phẩm không làm thất vọng, giá cả hợp lý. Đánh giá 5 sao. Chất lượng sản phẩm ổn định, giá cả phải chăng. Tôi rất hài lòng.",positive,positive,neutral,positive,negative
Chất lượng: toots Bảo vệ: toost giao hàng nhanh giá cả phù hợp nên mua nha mọi người,neutral,neutral,positive,positive,positive
Chuẩn hàng Rất đúng Ốp siêu trẻ và xinh luôn ạ. Giá rẻ giao nhanh. Đóng hàng cẩn thận đầy đủ,positive,neutral,positive,positive,positive
đúng được ổn nha siêu đep gói hàng có vẻ sơ sài nhma hên là ốp chả vấn đề gì cả. vẫn đẹp trong xinh lứm. nga,positive,negative,neutral,neutral,positive
"tuyet voi chuan Ốp đẹp, chất lượng, nhân viên tư vấn thân thiện nhiệt tình nhanh nhẹn. 10 điểm",positive,neutral,neutral,neutral,positive
"ddungs tốt Sản phẩm giao đúng, đủ ốp lưng đẹp, rẻ mua lần thứ n lần nào cũng hài lòng, sẽ ủng hộ shop tiếp tục",positive,neutral,positive,positive,positive
Chất lượng: mềm dẻo Bảo vệ: khá ok Shop đóng gói cẩn thận và giao hàng nhanh Sản phẩm ok Giá cả phải chăng,positive,positive,positive,positive,positive
"Ốp lưng nào cũng xinh xĩu, giá rẻ , ủng hộ shop lần 2 r , vẫn chất lượng như lần đầu , chúc shop buôn may bán đắt 💓💓💓",positive,neutral,neutral,negative,positive
"tuyệt đúng Ốp cầm vừa tay , chống được sốc dùng tốt lắm đánh giá 5 sao cho shop",positive,neutral,neutral,positive,positive
"tốt đúng mô tả. Hình in dễ thương, ốp chaqca chắn, cầm nhẹ tay mà an toàn Sản phẩm nên mua. Giá hợp lý, giao hàng nhanh",positive,neutral,positive,positive,positive
"dung tot Gửi hàng đầy đủ, đóng hàng chắc chắn, sản phẩm tốt, nên mua nha mn,",positive,neutral,neutral,neutral,positive
"KHÔNG CÒN LÀ TIN ĐỒN!!!! Maison bất ngờ tung Deal Sale toàn bộ cửa hàng cực Sốc tri ân cho những khách hàng thân thiết. Những mẫu giày cực hot của Nike, MLB, Adidas như Samba OG, Smoke Grey, Air Force 1, Chunky Liner... giảm giá chạm đáy còn hơn 1 Triệu!!! GIảm giá 70% + Miễn Ship toàn quốc. Ngoài ra còn tặng kèm tất trị giá lên đến 349k Số lượng và thời gian có hạn nên ae tranh thủ múc lẹ kẻo hết size là tiếc lắm đó. 👉 Website chính thức Săn Deal ở đây : https://bit.ly/Maison-Official-Online",positive,neutral,positive,positive,positive
ốp hơi dày 1 chút nhưng đúng mẫu silicon mềm và dẻo chống sốc cho điện thoại khá tốt,positive,neutral,neutral,neutral,positive
tốt giao hàng đúng chuẩn sản phẩm đẹp màu sắc nét xinh đóng gói rất cẩn thận kỹ càng chất lượng rất tuyệt mới mua lần đầu nhưng rất là ưng f,positive,positive,positive,neutral,positive
đúng ổn Shop đóng gói siêu nhanh. Giao hàng đầy đủ. Gói cẩn thận lắm. Sẽ ủng hộ tiếp ạ,positive,positive,positive,neutral,positive
"dung voi mo ta tot Đóng gói sản phẩm chắc chắn , cẩn thận , tỉ mỉ . Shop tư vấn nhiệt tình ,giao hàng khá nhanh . Màu đẹp , chất lượng . Sẽ ủng hộ shop . Hinh anh va Video chỉ mang tính chất ❤️❤️❤️",positive,positive,positive,neutral,positive
nhu hinh tạm ổn Giao hàng nhanh. Đóng gói cẩn thận. Giống hình,positive,positive,positive,neutral,positive
đúng tốt Lần đầu mua được ốp đẹp mà rẻ shop lại còn tâm lý tặng cho cả giấy lau kinh điện thoại ♥️,positive,neutral,neutral,positive,positive
"tott 10 điểm Chất lượng sản phẩm hơn cả mong đợi, giá cả phải chăng. Rất chim ưng nhé! Sản phẩm giống như mô tả, giao hàng 2 ngày là tới rồi. Hộp giao không móp méo, sốp bọc rất cẩn thận luôn Đặt hàng hôm qua mà nay nhận được rùi nè. Sản phẩm tốt mà giao hàng cũng tốt luôn",positive,negative,positive,positive,positive
toost đúng Shop này anh em với Shincase ạ =))) Giao đủ hàng có hoá đơn Ốp cứng cáp ôm khít điện thoại Bảo vệ camera lắp vào okelaaaa,negative,neutral,positive,neutral,positive
"Shop đóng gói cẩn thận , giao hàng nhanh , ốp đẹp chất lượng như mô tả",positive,positive,positive,neutral,positive
"tốt đúng Hàng giao nhanh, shop gói hàng cẩn thận, sẽ ủng hộ shop nhiều ❤️❤️❤️❤️❤️❤️❤️",positive,positive,positive,neutral,positive
ok có Giao hàng nhanh Đóng gói cẩn thận Ốp xinh dẻo Vừa đt mà xinh xinh lắm nha Đc tặng cả giấy lau màn hình nha Ốp xinh Ốp đẹp,positive,positive,positive,neutral,positive
tốt đúng cưa dữbko d,positive,neutral,neutral,neutral,positive
"Đúng như trên hình nha, giá rẻ, ship nhanh, nói chung là okla nha sốp, 10 đỉm",positive,neutral,positive,positive,positive
"nhựa trong suốt Ốp đẹp, cầm chắc tay, ân Ânkdanshka l ao. Ao l soN pa. La. 😂nao K nạd kdn ankx kiza j sjs kx alx ad d dc a. D c dg. H re ư s x k k k pxan slz s dkxi. Ânlapxa. QalL alPaa zm😅😈",positive,neutral,neutral,neutral,positive
"ok ok Áo dài đỏ cô dâu lụa tủa ngọc ADD202 mang lại cho các quý cô một nét đẹp dịu dàng nhưng không kém phần nổi bật. Sở hữu màu đỏ thắm sang trọng, kết hợp với các hạt ngọc trai được đính một cách tỉ mỉ ở phần cổ và vai áo giúp chiếc áo dài thêm phần rực rỡ và quyến rũ.",negative,neutral,neutral,neutral,positive
nhận đủ hàng ok Cường lực ok.chống nhìn trộm đỉnh nhé.ha ha mua cho ck mà thấy bị sai.nhưng ốp cũng xinh.giá rẻ ok nhà,negative,neutral,neutral,positive,positive
"Shop rất có tâm , đóng gói cẩn thận . Ốp dùng rất thích ,giá rẻ nữa",neutral,positive,neutral,positive,positive
"đúng mô tả tốt Ốp dẻo, bảo vệ máy và camera tốt.",positive,neutral,neutral,neutral,positive
"rat tot Sản phẩm mua rất đáng tiền, rẻ mà rất chất lượng Chắc chắn sẽ mua ủng hộ shop lần sau",positive,neutral,neutral,positive,positive
tốt đúng Giao hàng nhanh đóng gói cẩn thận ốp rẻ mà khá là bền mỗi tội đầu máy ốp hơi bị vênh lên k được ôm kít cho lắm nhưng ốp cũng khá đẹp 9đ,positive,positive,positive,positive,positive
hàng tốt ship nhanh rất đẹp Hàng rất đẹp và đúng mô tả,positive,neutral,positive,neutral,positive
"đúng tạm ổn Chất lượng sản phẩm phù hợp với giá tiền, xài tầm 3 tháng thay 1 lần là ok",positive,neutral,neutral,positive,positive
"Shop giao hàng nhanh chóng, giao hàng nhiệt tình, sản phẩm đẹp, đóng gói căhcs chắn, đóng gói cẩn thận, sản phẩm tốt, giá cả hợp lý. Sẽ ủng hộ shop lần sau, mọi ng nên mua nha",positive,positive,positive,positive,positive
"đúng tốt giao nhanh,đẹp, đúng mẫu,ưng,bla bla kh biết nói gì thêm",positive,neutral,positive,neutral,positive
ổn áp đúng ốp giống với hình nhaa. Mà tui mong phần camera của ốp coffee hơi nhô ra xíu đễ bảo vệ camere tốt hơn,positive,neutral,neutral,neutral,positive
"đúng với mô tả rẻ mà chất lượng k rẻ nhá👌🏻 Sp ok, đáng nua nhé",positive,neutral,neutral,positive,positive
"Hội nhập kinh tế quốc tế, tiếp thu các giá trị tiến bộ từ các dân tộc trên thế giới và quảng bá hình ảnh đất nước và con người Việt Nam ra toàn thế giới là xu thế tất yếu trong thời đại ngày nay. Xu thế toàn cầu hóa với sự hỗ trợ đắc lực của công nghệ thông tin đã từng bước đưa các dân tôc vào quỹ đạo chuyển dịch toàn càu. Không một đất nước nào có thể đứng yên bảo tồn trước yêu cầu hội nhập này. Thế nhưng, mỗi dân tộc đều có một cách riêng khi bước vào vận hội lớn. Nhân dân ta đã khẳng định bản lĩnh hòa nhập không có nghĩa là hòa tan. Một mặt hòa nhập, mặt khác cá nhân, dân tộc cần phải có ý thức trở về, giữ gìn và làm đầy cho nét riêng vốn có của mình trong quan hệ với xã hội, nhân loại. Chỉ khi có ý thức và khả năng gìn giữ được bản sắc riêng thì khi ấy anh mới có cơ sở để thế giới tìm đến và hòa nhập với chính mình. Cũng chính trong mối quan hệ với cộng đồng, nhân loại mà ta ý thức sâu sắc hơn về chính mình. Bản thân giới trẻ cần có ý thức sâu sắc về chính mình, luôn có thói quen kiểm điểm, nhìn nhận lại chính mình một cách khách quan nhất từ đó trau dồi nhân cách cá nhân. Giữ gìn bản sắc văn hóa dân tộc trong quan hệ với cộng đồng, thế giới cũng là một vấn đề mà chúng ta phải lưu tâm đặc biệt ở thời điểm hội nhập đang trở thành xu thế tất yếu này. Cá nhân và cộng đồng, các cơ quan hữu trách đều phải bắt tay trong các chương trình hành động nhằm gìn giữ, bảo vệ, trau dồi bản sắc dân tộc. Các giá trị văn hóa truyền thống một khi đã mất đi ẽ không bao giờ có lại được. Hội nhập là tất yếu nhưng vừa hội nhập vừa bảo tồn là nhiệm vụ quan trọng nhất của toàn dân tộc ta ngày nay.",positive,neutral,neutral,positive,positive
ok OK Đúng quảng cáo. Mới bóc 1 cái thấy ổn. Nói chung ốp kiểu này dùng một thời gian sẽ ố vàng hết vì nóng máy. Nhưng thôi giá rẻ nên mua nhiều vào hỏng lại thay. Kaka,positive,neutral,neutral,positive,positive
"Shop 10 điểm, ốp cũng ưng mà cường lực cũng ưng. Đóng gói cẩn thận, giao hàng nhanh và được tặng kèm rất nhiều miếng lau kính",positive,positive,positive,neutral,positive
"dày dặn y hình Ốp ok, mua 6c đều ưng. Giá rẻ nữa, sẽ ủng hộ lâu dài 🥰🥰🥰",positive,neutral,neutral,positive,positive
"đúng tốt Ốp trong đẹp, giá cả hợp lí. Rất nên mua. Lần sau sẽ quay lại ủng hộ shop",positive,neutral,neutral,positive,positive
đẹp tốt Chất lượng sản phẩm tốt ốp giá rẻ đẹp nên mua nha mọi người ới!!!,positive,neutral,neutral,positive,positive
đẹp lắm đúng như mô ta shop bán hàng chất lượng nên mua nha nhiệt tình nhận hàng mà vui,positive,neutral,neutral,neutral,positive
rat tot tuyệt sử dụng rất lâu nhưng rất bền ko bị sao cả sản phẩm đáng mua,positive,neutral,neutral,neutral,positive
"ok ok Ốp trong nhẹ, lên máy thì hơi to, shop giao hàng nhanh, gói hàng cẩn thận…",positive,positive,positive,neutral,positive
"san phẩm đúng với mô tả, ốp chắc chắn, dẻo dễ tháo lắp Cho cảm giác an toàn khi rơi rớt",positive,neutral,neutral,positive,positive
ok ok Sp đẹp tốt sẽ mua lại nhiều lần giao hàng nhanh ok về mọi thứ ạ Ảnh klq😂,positive,neutral,positive,neutral,positive
"ok good ốp giá cả phải chăng, chất lượng phù hợp giá tiền, cảm ơn shop",positive,neutral,neutral,positive,positive
"good đúng Cơ bản thì thấy ốp đẹp, mực in k bị loang… chỉ là mk kbt mực có bền k hay dùng đc vài bữa là bị bong cái mực ra… nhưng vẫn cho shop 5 sao vì cảm quan thấy đẹp 🌝",positive,neutral,neutral,neutral,positive
tốt đúng Sản phẩm đẹp với chất lượng lắm ạ lại còn rẻ nữa shipper thân thiện,positive,neutral,positive,positive,positive
"tốt đúng Hàng đẹp, ốp dẻo, giao siêu nhanhhhh, 10 điểm có dịp sẽ mua tiếp",positive,neutral,positive,neutral,positive
"đúng đúng 2 Đặc điểm chó Poodle Đặc điểm nhận dạng rõ nhất của chó Poodle chính là lớp lông xoăn tít, rất khó nhầm lẫn với các loài chó khác. Chó Poodle có khá nhiều loại do nhiều quá trình lai tạo, tuy nhiên các loại Poodle phổ biến nhất có thể kể đến như: Tiny Poodle, Toy Poodle, Mini Poodle, Teacup Poodle và Standard Poodle.",positive,neutral,neutral,neutral,positive
dung tot ốp in đẹp hình k bị lem nhiều đóng hàng ok giao nhanh shipper thân thiện,positive,neutral,positive,neutral,positive
"tốt 100% Ốp dẻo, xinh, sẽ ủng hộ shop vào lần tới.Ốp rẻ mà chất lượng",positive,neutral,neutral,positive,positive
"nhựa dẻo đúng Sản phẩm đúng mô tả, chất lượng chưa biết sao nhưng giá cũng khá ổn",positive,neutral,neutral,positive,positive
"Bảo vệ: bảo vệ cam Chất lượng: vừa Shop giao hàng nhanh đóng gói cẩn thận, hàng nhận đc ko giống ảnh , nhưng rẻ dùng tạm...",positive,positive,positive,positive,positive
"Shop giao hàng nhanh, vỏ đẹp, màu son xinh xỉu. Mua đợt sale giá tốt lại còn được tặng 3 gói dầu gội và 1 cọ tán rất xinh. Nói chung với giá tiền này mà mua được son chính hãng và kèm thêm bao nhiêu quà thì rất ok nha. Nên mua nha các nàng!",positive,positive,positive,positive,positive
tot đúng mô tả Ốp đẹp mà rẻ nữa. Shop tư vấn nhiệt tình. Giao hàng nhanh,positive,neutral,positive,positive,positive
đúng tốt Ok nha mấy bà xịn nói chung là nên mua á quá rẻ ngon bổ rẻ tuyệt vời,positive,neutral,neutral,positive,positive
kính đẹp lắm giao hàng nhanh chóng đóng gói cẩn thận nhé em cảm ơn ạ shiper thân thiện với môi trường,positive,positive,positive,neutral,positive
"tốt đúng Nối tiếp thành công của đợt SALE TẾT thứ nhất 😍😍 , cửa hàng em xin chân thành cảm ơn sự ủng hộ nhiệt tình từ tất cả khách hàng đã đến tham quan, trải nghiệm và mua sắm tại Siêu Thị Phố Mới. Siêu Thị Phố Mới tri ân Khách hàng, khởi động đợt SALE TẾT thứ hai cả nhà nhé 🥰🥰 Thời gian cho đợt SALE TẾT này diễn ra từ ngày 22/01/2025 (23/12 ÂL) đến hết ngày 28/01/2025 (29/12 ÂL) Hàng trăm, hàng nghìn sản phẩm có sẵn tại cửa hàng với đủ chủng loại, đủ mẫu mã 😁😁 Siêu Thị Phố Mới kính mời Quý khách hàng qua cửa hàng ủng hộ, trải nghiệm và mua sắm. Siêu Thị Phố Mới xin chân thành cảm ơn! ‼️ Chương trình cụ thể, cửa hàng sẽ update tại bình luận để Quý khách hàng có thể tham khảo nhé ạ 😊😊 #Siêu_Thị_Phố_Mới (Siêu thị Phố Mới đồng giá 15K cũ) #Hotline_0912055799_0911167071 #Số66PhốMới_ThịTrấnThịnhVượng_GiaViễn_NinhBình",positive,neutral,neutral,positive,positive
Đẹp mà rẻ dùng được nha Nên mua ạ rẻ đẹp mà giao nhanh hơn so với dự kiến,positive,neutral,positive,positive,positive
"đúng với hình trên ảnh tuyệt vời. Giao hàng nhanh chóng, đóng gói sản phẩm chắc chắn. Nhân viên giao hàng nhiệt tình, thân thiện",positive,positive,positive,neutral,positive
tốt đúng hàng okii đẹp giao hàng nhanh 10đ,positive,neutral,positive,neutral,positive
"Rất là ok bảo vệ dk cam, giao hàng nhanh , bọc hàng cẩn thận, ưng",positive,positive,positive,neutral,positive
"Dung ok Giao hàng nhanh, ốp đẹp lắm mà còn được tặng nhiều giấy lau nữa🤣 hiuhiu",positive,neutral,positive,neutral,positive
tốt dày dặn rất oke đúng với mô tả Hàng rất oke nha sẽ ủng hộ shop nhieu,positive,neutral,neutral,neutral,positive
"tốt đúng Giao hàng nhanh, đóng gói cẩn thận, chất lượng sản phẩm tốt",positive,positive,positive,neutral,positive
"đúng tốt Hàng giao nhanh đẹp chất lượng tốt nên mua , sẽ ủng hộ shop những lần sau",positive,neutral,positive,neutral,positive
"chuẩn đét oke, rất tốt ốp chắc chắn và đẹp, đeo vào vừa vặn, nói chung là hài lòng",positive,neutral,neutral,neutral,positive
tot có Giao hàng nhanh Gói hàng kĩ Săn ốp đc với giá 5k =))) Quá đỉnh he he Ốp nhìn chắc chắn,positive,positive,positive,positive,positive
"qua ok luon nha mn khuyên các bạn nên mua nha, mình mua về ưng ý quá tr, ốp cao hơn cái màn hình luôn. xịn lắm. nên mua nha mn",positive,neutral,neutral,neutral,positive
"Chất lượng ổn, giá quá rẻ, ốp chắc chắn lắm. Sẽ ủng họi shop nhiều lần.",positive,neutral,neutral,positive,positive
Chất lượng: okkk Bảo vệ: okkk Ship hàng nhanh đóng gói cẩn thận đúng đủ loại giá rẻ nói chung là ok nhé,positive,positive,positive,positive,positive
"oke oke Giao hàng nhanh, đóng gói cẩn thận chắc chắn, đúng loại đủ số lượng. Lsau sẽ ủng hộ tiếp.",positive,positive,positive,neutral,positive
"toost toost lwms nha đúng chuẩn Ok lắm nhaaaaaa, shop tặng thêm quá trời rồi! Ủng hộ shop dài dài nhá",positive,neutral,neutral,neutral,positive
"t t 🥰Sản phẩm rất xinh đẹp tuyệt vời, tôi không thể trông đợi gì hơn. Cảm ơn nhà cung cấp, nhà sản xuất, cảm ơn người bán hàng, cảm ơn sàn thương mại điện tử, cảm ơn người vận chuyển để tôi có cơ hội dùng sản phẩm tốt như thế này. 😎Hàng đóng gói rất đẹp. Quả nhiên người bán đã gửi gắm rất nhiều tâm tư và tình cảm trong lúc gói hàng. Hộp không có dấu hiệu bị móp, chứng tỏ bộ phận vận chuyển đã nâng như nâng trứng, hứng như hứng hoa. Xin nghiêng mình cảm ơn vì tất cả. 😄Thời gian vận chuyển rất hợp lí. Tôi đã đặt hàng với tâm thế hào hứng chờ đợi để được trải nghiệm sản phẩm và tôi không hề bị chờ mỏi cổ. Có thể thấy bên vận chuyển không quản ngại thời tiết và đường xá xa xôi để đưa sản phẩm cho tôi trong thời gian ngắn nhất. [Hình ảnh+video mang tính chất ]",positive,negative,positive,neutral,positive
ddungs đẹp Ốp trong suốt đẹp nhưng dễ ố giá rẻ mn nên mua chục cái đỡ phải giữ gìn,positive,neutral,neutral,positive,positive
"tốt tốt Sản phẩm rất tốt. Ship hàng nhanh, màu sắc đẹp. .",positive,neutral,positive,neutral,positive
"Chất liệu chọn lọc và công nghệ sản xuất hiện đại giúp đảm bảo chất lượng cao, mang lại sự bền đẹp và thoải mái cho người sử dụng. Kiểu dáng của sản phẩm phản ánh xu hướng thời trang mới nhất, phù hợp với nhiều hoàn cảnh khác nhau từ công việc đến đi chơi.",positive,neutral,neutral,neutral,positive
Ốp lưng đẹp lắm mà giá lại rẻ nữa nên mua nha cả nhà. Giao hàng nhanh,positive,neutral,positive,positive,positive
"đúng tốt Hàng về đẹp lắm nha giá cả nói chung là hợp lí rẻ , giao hàng nhanhh nên mua nhaa",positive,neutral,positive,positive,positive
tot đúng Ê xịnnn lứm nha mí má!!!! Tuyệt vời ốp dày dặn không hề mỏng luôn !! Sẽ quay lại mua típ nè.,negative,neutral,neutral,neutral,positive
"tốt đúng với mô tả Ốp đẹp, cứng cáp, ship hàng nhanh, đóng gói cẩn thận",negative,positive,positive,neutral,positive
tạm ổn đúng! Sp cũng khá ok. Cảm giác chắc chắn. Giá thành rẻ. Mình chỉ thấy 1 chút hạn chế là phần bảo vệ mắt cam. Bụi dăm bám vào dễ xước phần viền cam. Còn lại thì oki ;),negative,neutral,neutral,positive,positive
"đúng tốt Sản phẩm giao hàng nhanh, uy tín đúng hàng cảm ơn shop sau sẽ ủng hộ .",positive,neutral,positive,neutral,positive
"Hàng OK, chất lượng tốt. Hợp túi tiền, giao hàng nhanh, đủ số lượng, mẫu mã đẹp, giống như hình quảng cáo. Nói chung là hài long. Đang tính mua thêm nữa. Cám ơn Chất lượng:OK Dễ sử dụng:OK Sản phẩm so với mô tả:OK",positive,neutral,positive,positive,positive
"Trời ơi, xinh vượt xa tui nghĩ luôn cute lắm luôn oá ! Đã thế shop lại còn tặng kèm hơi bị nhiều quà luôn! Người bán cute mà hàng cũng cute nữa ! Sau tui sẽ ủng hộ thêm, đáng mua lắm luôn !",neutral,neutral,neutral,neutral,positive
"ok đúng với mô tả, ốp đẹp lắm nha cả nhà",positive,neutral,neutral,neutral,positive
"tốt tốt Chiết xuất 99% là rau rau má nên cực kì lành tính Ngoài ra còn có một số thành phần như nước tinh khiết, chiết xuất lá cây... Công dụng của xịt khoáng rau má Pretty Skin: Kiểm soát nhờn cực hiệu quả, giảm tiết dầu gây bít tắc lỗ chân lông. Cấp nước cấp ẩm ngay sau khi xịt vào da, giúp làm dịu đi những vết mẩn đỏ, sưng viêm, cháy nắng. Phục hồi tổn thương trên da, tăng cường hàng rào bảo vệ da. Có thể thay thế toner giúp cân bằng độ PH cho da. v ăn cơm đi rồi đi làm gì mà phải tăng cường",positive,neutral,neutral,neutral,positive
"shop đóng gói hàng cẩn thận, giao hàng nhanh, giao đúng sản phẩm và số lượng ốp đẹp nha mng, dùng hơi nhanh bị vàng nhưng mà rẻ nên thay liên tục cũng dc",positive,positive,positive,positive,positive
"đúng tốt Sản phẩm chất lượng tốt, đúng như mô tả, phù hợp với mức giá, sẽ tiếp tục ủng hộ trong tương lai (21532)",positive,neutral,neutral,positive,positive
"y hinhf tốt được biết đến là chất liệu thông dụng và phổ biến hàng đầu hiện nay. Không chỉ được ứng dụng trong may mặc - thời trang, vải cotton còn được sử dụng trong các sản phẩm chăn ga gối. Tuy nhiên, loại vải này có ưu và nhược điểm cụ thể nào, cách nhận biết cũng như cách bảo quản, vệ sinh vải. Nếu bạn chưa biết, có thể cùng Everon khám phá ngay trong bài viết này.",positive,neutral,neutral,neutral,positive
Shop uy tín hàng rất oke mà shop rất nhiệt tình hỏi j là shop trả lời rất tận tình mọi người nên mua,positive,neutral,neutral,neutral,positive
Ốp dày dặn cứng cáp lên mẫu ok mà còn được tặng rất nhiều giấy lau kính nha,negative,neutral,neutral,neutral,positive
"tot Lần nào cũng đặt nhiều để dùng dần. Vừa rẻ vừa đẹp. Đóng gói cẩn thận, giao hàng nhanh. Hàng chuẩn mẫu. Dùng hết lại ủng hộ shop tiếp",positive,positive,positive,positive,positive
tot đúng Ốp dẻo chống rơi vỡ va đập shop giao hàng nhanh giá rẻ hợp lí tặng thêm một đống khăn lau luôn,positive,neutral,positive,positive,positive
dung tot Sản phẩm giao đúng nhanh mới hôm qua đặt hôm nay giao đỉnh của chót. Cảm ơn shop chúc shop mua may bán đắc,positive,neutral,positive,neutral,positive
"good yup Mình mới mua lần đầu nhưng khá ưng cách shop gói hàng, cho vào box carton gói kỹ càng, cẩn thận lắm mọi người ạ. Thấy bạn mình bảo rẻ mà chất lượng vẫn khá ổn. Ncl nên mua nha các bác, sẽ ủng hộ shop dài dài ạ💙",positive,positive,neutral,positive,positive
đúng tốt giao hàng nhanh sảm phẩm tốt và nên mua nhé mọi người nha,positive,neutral,positive,neutral,positive
tot dung Ốp trong dẻo dẹp cầm nhẹ ko trơn ôm máy đẹp mua mấy cái dùng,positive,neutral,neutral,neutral,positive
chất lượng sản phẩm như quảng cáo sản phẩm đúng với mô tả,positive,neutral,neutral,neutral,positive
giao hành nhanh đóng gói cẩn thận mà rẻ phí ship không cao nói chung là ổn,positive,positive,positive,negative,positive
"Shop tư vấn nhiệt tình, phản hồi nhanh. Giá cả hợp lý so với chất lượng sản phẩm. Mình đã giới thiệu cho bạn bè và sẽ tiếp tục ủng hộ nếu có nhu cầu.",neutral,neutral,neutral,positive,positive
tot Giao hàng đúng hẹn. Ốp ngon bổ rẻ. Láp cái nhìn điện thoại như mới,positive,neutral,positive,positive,positive
tốt y hình Ốp khá ổn với mức giá tiền này không nói gì thêm. Giao hàng nhanh,positive,neutral,positive,positive,positive
"tốt ốp đẹp, dễ sử dụng, chất lượng đúng với mô tả, sẽ mua lại tiếp",positive,neutral,neutral,neutral,positive
"Đúng Tốt Shop gửi hàng nhanh, mới đặt hôm qua, hôm nay nhận được luôn 👍🏻 Ốp trong và dày. Rất đáng mua",positive,neutral,neutral,neutral,positive
"Sản phẩm rất tốt , đẹp , xịn xò Giá phải chăng Nhiều quà tặng Giao hàng nhanh chóng",positive,neutral,positive,positive,positive
"qua tot chuẩn mô tả Sản phẩm đúng mô tả, chất lượng tốt. Giá thành quá rê. Sẽ ủng hộ shop thêm nữa. Lên mua nha cả nhà.",positive,neutral,neutral,positive,positive
ok ok cũng được dùng ok hàng giao nhanh shipper thân thiện sẽ ủng hộ shop dài dài nhé,positive,neutral,positive,neutral,positive
"Ốp đẹp , shop giao hàng nhanh , gói hàng cẩn thận , sẽ ủng hộ lâu dài .",positive,positive,negative,neutral,positive
"ok đẹp Về quê khởi nghiệp đi các bạn 🤣🤣 vui lắm!! Thiệt tình gần 10 năm làm sản xuất trong lĩnh lực liên quan đến cây cỏ. Nhiều lúc cũng phải dấn thân làm để tự tìm ra phương pháp tối ưu cho các loại cây mình trồng. Chứ nó có đơn giản như mặc bikini, du lịch như em vẫn thường đăng đâu 😂😂",positive,neutral,neutral,neutral,positive
"dùng chất lượng tốt, đúng mô tả đã mua lại lần 2, 3 rồi, dễ dùng, sản phẩm tốt",positive,neutral,neutral,neutral,positive
"chuan đúng Ốp đẹp giá lại rẻ bèo luôn, nhận hàng về ốp là ưng liền Mua 3 cái có 42000đ quá rẻ luôn, sẽ ủng hộ shop nữa nha",positive,neutral,neutral,positive,positive
chat luong nhu mo ta cuar ahop dung voi mo ta cua shop Giao hàng nhanh sản phẩm tuyệt veoif,positive,neutral,positive,neutral,positive
"Ốp giống hình, ốp vừa điện thoại, chi tiết cũng sắc nét, với giá này thì quá ưng",positive,neutral,neutral,positive,positive
"dày, đẹp như mô tả Giá rẻ, đẹp. M mua 2 lần đều ưng. Sẽ tiếp tục ủng hộ",positive,neutral,neutral,positive,positive
nhựa dẻo trong suốt mềm chuẩn với mô tả Giao hàng nhanh ốp đẹp có chống sốc cam,positive,neutral,positive,neutral,positive
"Sản phẩm rất chất lượng, đáng giá với giá tiền. Giao hàng nhanh chóng và đóng gói sản phẩm cẩn thận. Chất lượng sản phẩm vượt xa mong đợi của tôi, rất hài lòng. Sản phẩm đáng mua, đáng bỏ tiền. Hình ảnh và mô tả sản phẩm chính xác, hài lòng hơn mong đợi.",neutral,positive,positive,positive,positive
"Chất lượng: ok Bảo vệ: ok Ốp lưng đẹp, chất liệu nhựa dẻo, dễ sử dụng, ok nên mua để dùng thường xuyên",positive,neutral,neutral,neutral,positive
"đúng với miêu tả đúng với miêu tả Sản phẩm tốt , không mùi , giao hàng nhanh , shop thân thiện , nhiệt tình , 10 điểm không có nhưng",positive,neutral,positive,neutral,positive
đỉnh đẹp ở ngoài xinh lắm mn xung quanh viền vuông nhìn n sang vl luôn á mn nên mua nha giá rẻ nữa mà chất lượng đỉnh k phải bàn luôn á mua đi mọi người ơi k hối hận đâu đẹp xuất sắc k bàn tới luôn,positive,neutral,neutral,positive,positive
"Chất lượng dịch vụ, hoàng hoá phải nói quá tốt, tôi giật mình chất lượng của shop, rất hài lòng, tôi sẽ mua hàng và ủng hộ shop, nhiều lần về sau.",positive,neutral,neutral,neutral,positive
"Sản phẩm đẹp , dẻo , chất lượng tốt so với giá , rất hài lòng , sẽ ủng hộ tiếp",positive,neutral,neutral,positive,positive
"dung voi mo ta oke khá chắc chắn xin lỗi vì . Mọi người đều ao ước thành thạo một điều gì đó, nhưng ít ai nhận ra rằng việc trở nên thực sự giỏi ở một cái gì đó, hoặc thậm chí là thành thạo bất kỳ kỹ năng nào, không phải là điều dễ dàng như việc đi dạo trong công viên. Tự cải thiện một kỹ năng, học một công việc, đều là những nỗ lực lớn. Điều khiển một thứ gì đó, thậm chí là bản thân mình, đều là một cuộc chiến đầy khó khăn mà không phải ai cũng có thể thắng được. Hôm nay, mình muốn chia sẻ với các bạn những bước chính xác cần thực hiện để trở thành một huyền thoại hoàn toàn được tổng hợp từ Mark Manson. Chúng đơn giản, nhưng không dễ dàng. Bước 1: Nguyên tắc 20/80 Nguyên tắc 80/20 nói rằng 80% kết quả sẽ đến từ 20% hành động. Ví dụ, trong quản lý thời gian, thường có 20% thời gian tạo ra 80% năng suất và 20% nhân viên tạo ra 80% giá trị. Bước 2: Nhận phản hồi Để thành công, bạn cần thử nghiệm nhiều lần và nhận phản hồi từ mọi người: huấn luyện viên, gia sư, giáo viên, hoặc thậm chí là người láng giềng. Bạn không thể biết liệu bạn giỏi ở điều gì nếu không có người khác nói với bạn. Bước 3: Thực hành Nhìn vào những người đã thành thạo một điều gì đó, họ đơn giản là làm việc chăm chỉ và lâu hơn hầu hết mọi người. Thực hành liên tục làm cho bạn trở nên hoàn hảo. # # #",negative,neutral,neutral,positive,positive
Chất lượng: ok Bảo vệ: ok giá ok tiots hoàn hảo rất tuyệt vời luôn á chị ơi chị cũng đang đợi chị về nhà em đi em cũng muốn đi em cũng muốn đi em cũng muốn,positive,neutral,neutral,positive,positive
nhựa dẻo đúng sp Ốp xinh lắm luôn m mua có 10k mà đc 1 chiếc ốp xinh r,positive,neutral,neutral,neutral,positive
nhựa đúng với mô tả Giao hàng nhanh chóng chất lượng và rất rẻ sẽ quay lại ủng hộ thêm shipper thân thiệt nhiệt tình ốp lưng chắc chắn bền bỉ 12prm,positive,neutral,positive,positive,positive
"Ốp màu đẹp, dày dặn. Hông ốp có tên loại máy. Shop bán giá phải chăng",positive,neutral,neutral,positive,positive
ok ok Mua mấy lần r thấy ok. Nma nhanh vàng hehee nên mua giá rẻ hợp lí,positive,neutral,neutral,positive,positive
tốt đúng Ốp trong suốt dùng ok mà phù hợp với giá tiền mọi người lên thử nhé,positive,neutral,neutral,positive,positive
ddungs rât tốt sp rất đẹp vừa sit với máy rất hài lòng xứng đáng 5 sao lần sau mua lại. giao hàng nhanh,positive,neutral,positive,neutral,positive
tốt đẹp Hàng đẹp giá rẻ ốp loại chất liêun tốt,positive,neutral,neutral,positive,positive
Ốp đẹp Giao nhanh Giá rẻ Đóng gói cẩn thận,positive,positive,positive,positive,positive
"ok tot hinh anh mang tinh chất Sản phẩm hợp lý giá tiển, shop nhiệt tình và giao hàng nhanh",positive,neutral,positive,positive,positive
Hàng đẹp xịn rẻ nhưng chất ốp dày dặn đáng đồng tiền sẽ ủng hộ lần sau,positive,neutral,neutral,positive,positive
"Sản phẩm tốt, săn sale nên được giá hời . Mọi người nên mua nha …",positive,neutral,neutral,positive,positive
ddusng tốt Nên mua nhé mọi người giá rẻ lại đẹp Sẽ mua lại nhé,positive,neutral,neutral,positive,positive
"tam ổn đúng Giá cả rẻ, chất lượng cũng tạm ổn, nên mua nhé các bạn,",positive,neutral,neutral,positive,positive
"Hàng rẻ chất lượng tốt , giao hàng nhanh , phù hợp với giá tiền , cho shop 5*",positive,neutral,positive,positive,positive
"ốp đẹp, giao hàng nhanh và đóng gói cẩn thận, nên mua nha moi người.",positive,positive,positive,neutral,positive
"tots ýe Trời mắ ẻm nó xinh lắm nha mấy bác, nên mua nên mua nha",neutral,neutral,neutral,neutral,positive
Tốt 💯 Đúng với mô tả Hàng rất tốt đúng mô tả shop tặng miếng giấy lau nữa 💯 điểm cho shop tuyệt. Lần sau sẽ ủng hộ,positive,neutral,neutral,neutral,positive
"Chất lượng: vua khit Bảo vệ: chong be Giao hàng nhanh,ốp trong đẹp,mn nên mua nhé,vừa rẻ nữa",positive,neutral,positive,positive,positive
ốp đẹp ok Ốp đẹp lắm Ốp trong😋 Xinh nhắn lun 😦 Chất lượng sản phẩm ‼️🫶🏻,positive,neutral,neutral,neutral,positive
hàng đúng với mẫu tốt Sản phẩm tốt đúng với yêu cầu mẫu mã đẹp màu xinh shop còn tặng thêm cho cả giấy ướt lau đt nữa quá tâm lý(,positive,neutral,neutral,neutral,positive
"trong suốt , rất Ok . Giao hàng dg hẹn Ok . Dày dặn , trong suốt , đóng gói cẩn thận",positive,positive,positive,neutral,positive
"đúng tốt Ốp xinh, tiện lợi, bảo vệ cam ok mn nên mua Em lục tung đống phụ kiện không thấy vòng tay anh @@@@@",positive,neutral,neutral,neutral,positive
"Đóng gói hàng cẩn thận, giao hàng nhanh, ngoại hình ổn, dùng được",positive,positive,positive,neutral,positive
"tốt chất lượng Với giá này thì ok rồi ạ, giao hàng cũng khá nhanh nữa. Cả nhà cứ mua đi ạ sẽ ủng hộ lần sau shop nhaaaaa.",positive,neutral,positive,positive,positive
đúng như video Giao hàng nhanh. Người giao thân thiện,positive,neutral,positive,neutral,positive
đúng với mô tả thấy cũng auke có tặng thêm một đống tầm vài chục cái giấy lau ốp,positive,neutral,neutral,neutral,positive
tốt đúng Ốp dẻo màu trong nhìn rất đẹp ❤ còn có phàn nhô ra trên màn hình và cam để giảm tác động va đập,positive,neutral,neutral,neutral,positive
"🍀Mã PK7335 --- Giá sỉ #125k 🌈BỘ ĐÁNH GIÀY HÃNG 361 🍑Set vệ sinh giày 361 ngon bổ rẻ đây các bác ơi,mn chốt nhanh chứ Store đang b.á.n 4xx đó ạ ♻Bộ làm sạch vết bẩn, vết ố giày chính hãg 361 ✅Chuyên dùng cho giày thể thao nên sở hữu 1 bộ này để vệ sinh nhanh nhất có thể (màu trắng hay da trắng đều ok ạ) ✅Với tính năng xịt bọt làm sạch nhanh gọn Không độc hại tới da tay ,không làm bay màu hay ảnh hưởng gì tới đôi giày của bạn ✅Vệ sinh khô chỉ cần lau bằng khăn ko cần nước 🛒 ORDER 2-4 tuần, vui lòng không huỷ hàng ạ(nhận mua đơn liên tục)",positive,neutral,neutral,positive,positive
tam ổn đúng với mô tả Ốp tạm được giá cả học sinh sinh viên Điềm trừ là nút tăng giảm âm lượng+ nút nguồn ( cứng) bấm hơi khó.,negative,neutral,neutral,positive,negative
"tot đúng Ốp khá dày, trắng đẹp mà k hợp mấy so với máy cũ đời thấp giao hàng nhanh",positive,neutral,positive,neutral,positive
"đúng tốt nhenggggg Lao đầu vào kiếm tiền, đi học, dáng vẻ ấy thực sự nhếch nhác. Nhưng hình ảnh tự dựa dẫm vào chính mình thực sự rất đẹp.",positive,neutral,neutral,positive,positive
"dung 9.5/10 Sản phẩm tốt, bền, đẹp. Có độ ôm thêm 1 chút xíu nữa là quá xuất xắc luôn",positive,neutral,neutral,neutral,positive
Giao hằng nhanh shipped thân thiện hàng dày dặn sẽ ủng hộ shop nhiều nữa,positive,neutral,positive,neutral,positive
"chưa biết đúng Giao hàng nhanh,hôm trước đặt hôm sau đã có , đúng sản phẩm,giá tốt",positive,neutral,positive,positive,positive
"Ốp đẹp, dày và chắc chắn lắm nha Shop giao hàng siêu nhanh và đủ hàng luôn",positive,neutral,positive,neutral,positive
tot Shop giao nhanh dung chủng loại op vào may vưa văn rat dẹp n,neutral,neutral,positive,neutral,positive
đúng như shop mô tả đẹp ok Hàng rất đẹp rẻ so z Thị trường xe ủng hộ shop thêm lần nưa,positive,neutral,neutral,positive,positive
"Hàng xịn xò lắm mn ơi Nên mua nhé Đóng hàng cũng chắc chắn, k móp méo gì luôn Chất liệu thì ok, tặng thêm quá trời miếng chà sạch đt luôn",positive,neutral,neutral,neutral,positive
"đúng ok Mua mấy lần rồi rất là ưng nha mn nên mua nhé rẻ vãi đạn đừng Ɗằn vặt tim anh Vậу thôi kết thúc sớm cho nhanh [Hook] Một hai bước, nhìn về phía",positive,neutral,neutral,positive,positive
"ok ok Ốp đẹp, chất lượng. Shop đóng gói cẩn thận, gọn gàng, giao hàng nhanh. Sẽ ủng hộ shopppp",positive,positive,positive,neutral,positive
"đúng tốt Ốp giao khá nhanh, dẻo, trong, hàng chất lượng mình đã mua hàng ở shop mấy lần rồi, lần nào cx ưng hết",positive,neutral,positive,neutral,positive
Ốp xinh rẻ mà ốp trắng chắc dùng được một thời gian lại bị ố vàng thôi,positive,neutral,neutral,positive,positive
đúng như mô tả nhựa dẻo trong suốt,positive,neutral,neutral,neutral,positive
đúng với mô tat chất lg rất đẹp và bền dùng rất oke sẽ ủng hộ shop nhiều hơnnn,positive,neutral,neutral,neutral,positive
"ddungs tuyet vơi Đây là lần đầu tiên mua sản phẩm từ shop, và mình hoàn toàn hài lòng với chất lượng cũng như dịch vụ. Sẽ quay lại mua hàng từ shop trong tương lai. Ốp bám vân tay lắm ạ, nên mua ốp nhám nếu k thíc bám vân tay",neutral,neutral,neutral,neutral,positive
"Chất lượng: đẹp, vừa điện thoại Bảo vệ: chống sốc, bảo vệ cam Ốp lưng nhìn đẹp, chất liệu nhựa dẻo, mình rất thích",positive,neutral,neutral,neutral,positive
tot rất giống với mô tả Sản phẩm rẻ lại được tặng rất nhìu giấy lau kính,neutral,neutral,neutral,positive,positive
"ok ok Gói MI5D đã hủy gia hạn thành công. Để biết các ưu đãi khác, truy cập https://viettel.vn/goidata hoặc bấm gọi *098#. Chi tiết LH 198 (0đ). Trân trọng.",positive,positive,neutral,neutral,positive
tot ok San pham tot mua gia re na ship nhanh nua . Rat hai long nhe,positive,neutral,positive,neutral,positive
"????#.com | Thế giới Tay Cầm Của Bạn: Địa chỉ phân phối Tay Cầm Chính Hãng hàng đầu với chất lượng sản phẩm & Giá thành tối ưu cho khách hàng để mang đến những giây phút giải trí tuyệt vời nhất..! ???? Inbox đặt hàng tại: m.me/ ???? Hotline đặt hàng: 0988965716 / 0988499930 / 0988499960 ???? Zalo: 0988965716 —> Địa chỉ: Số 18 ngõ 357 Tam Trinh, Hoàng Mai, Hà Nội / Search Google map ” “ là ra ạ !",positive,neutral,neutral,positive,positive
"Giao đủ hàng, mình săn được lúc live sale nên rẻ lắm, k nghĩ rẻ mà ok vậy, rẻ như này cứ ố lại vứt đi thay cái mới 🤣🤣",positive,neutral,positive,positive,positive
Ốp đẹp xinh lắm nha mua cho zai nhà mình rất thích luôn ý Bọc gói cẩn thận sẽ quay lại,positive,positive,neutral,neutral,positive
Ốp lưng đẹp lắm nha mọi người mọi người nên mua ốp lưng của shop này nha không làm mọi người thất vọng đâu,positive,neutral,neutral,neutral,negative
ok ok Sản phẩm đẹp. Chất lượng cao. Kính chắc chắn k bị vỡ cái nào. Shop cho rất nhiều giấy lau. Cho shop 5 sao,positive,neutral,neutral,neutral,positive
"Ship giao hàng nhanh, đóng gói cẩn thận, còn đc tặng kèm quà nữa. Nên mua nha mn ơi❤️",neutral,positive,positive,neutral,positive
Shop giao hàng nhanh. Ốp siêu xinh và đẹp shipper thì nhiệt tình nhất định sẽ ủng hộ shop nhiều🥰,positive,neutral,positive,neutral,positive
"xịn xò Đúng với mô tả, mình săn được giá rẻ, bị cái phí ship hơi cao ạ",positive,neutral,positive,negative,positive
Ốp đẹp dày dặn lần sau sẽ ủng hộ cho shop tiếp nhé Đẹp chắc chắn lắm Giao hàng nhanh Shiper nhiệt tình Mình đặt 1 chiếc mà shop giao 2 chiếc nhé không biết giao nhầm hay tặng thêm nhưng rất là cảm ơn ạ,positive,neutral,positive,neutral,positive
"ttoots đúng Shop giao hàng nhanh, giá cả hợp lí, nên mua",positive,neutral,positive,positive,positive
"Chất lượng sản phẩm đúng như mô tả, shop đóng gói cẩn thận giao hàng nhanh",positive,positive,positive,neutral,positive
san phâm tot Sản phẩm đúng mới mô tả. Đáng mua nhé mọi người. Giá rẻ sẽ ủng hộ shop tiếp!,positive,neutral,neutral,positive,positive
đúng tốt đã nhận dc hàng đóng gói cẩn thận nhé ốp đẹp mỏng nhẹ giá cũng dc ko rẻ lắm,negative,positive,neutral,positive,positive
"Sản phẩm sử dụng ổn nhé mọi người ơi, giá cả hợp lý, khi dungf phải cẩn thận , kheo leo chut sẽ ổn , mọi người có nhu cầu nên mua dùng nhen, độ bền nhìn sơ ban đầu thấy ổn",positive,neutral,neutral,positive,positive
đúng cũng tốt Ốp điện thoại đẹp nên mua nha mọi ngườiiiiiiiiiiiii,positive,neutral,neutral,neutral,positive
"Nói chung là sản phẩm cũng dùng tạm được, giao hàng thì cũng nhanh chóng; đóng gói thì cũng cẩn thận. Nói chung là không vấn đề gì",neutral,positive,positive,neutral,positive
"Ốp đẹp, vừa với máy, giá rẻ, được tặng thêm nhiều giấy lau, nên mua",positive,neutral,neutral,positive,positive
"Ốp xinh, giá lại còn rẻ. Mới đầu đặt không kì vọng gì nhiều, khi hàng về thì thấy ốp rất okla.",positive,neutral,neutral,positive,positive
"dung ok Đúng như mô tả, shop phục vụ tốt, giao hàng nhanh . Sẽ ủng hộ tiếp. hình ảnh minh hoạ lấy xu . Hài lòng, ưng ý",positive,neutral,positive,neutral,positive
"Ốp có tràn viền nha, chi tiết ốp hoàn thiện khá tốt, giá rẻ thấy cũng dày chưa drop test thử🥲",positive,neutral,neutral,positive,positive
"ok ok Đã mua nhiều lần của shop rồi, ốp xịn, cường lực đóng gói cẩn thận ship hàng nhanh.",positive,positive,positive,neutral,positive
"đúng Shop đóng gói kĩ càng ,ốp rất đẹp nha mn",positive,positive,neutral,neutral,positive
"Hàng đẹp lắm mn ạ, chắc chắn, không biết quả ốp màu kem này có bị dễ bẩn không thôi 🥹 shop giao hàng cũng nhanh nữa",positive,neutral,positive,neutral,positive
"Hàng rẻ mà đẹp , tiếc là mh đặt 5 cái bị nhầm mất 4 cái . 🥲🥲🥲 giao hàng nhanh",positive,neutral,positive,positive,positive
"op dẻo Chưa mở nên k biet ảnh mag tính chất Đặt 2 lok hôm thứ 6 nay t2 da nhận dc, giao hàng nhanh",positive,neutral,positive,neutral,positive
"đúng ok Ốp quá rẻ, shop giao hàng đóng gói cẩn thận, đc tặng miếg lau",positive,positive,positive,positive,positive
"Tốt Chuẩn mẫu Ốp giá ok, đẹp, giao hàng nhanh, trả lời tin nhắn nhanh, đáng mua",positive,neutral,positive,positive,positive
"ổn đúng Ngon bổ rẻ, mua nhiều để xài , ố vàng thì thay đổi cũng được,mỏng nhẹ cho điện thoại",negative,neutral,neutral,positive,negative
"chất lượng tốt , 10 điểm hàng giao đúng mẫu , giá rẻ , rất khuyên mọi người mua",positive,neutral,positive,positive,positive
đúng tốt Ốp rẻ mà che cam kĩ lắm nha mấy ní Nên mua nên mua Mua 1 lần vài cái dùng dần đi ố lại thay mới vì quá rẻ,positive,neutral,neutral,positive,positive
"chuẩn hàng Ốp về nhanh vừa điện thoại, giao hàng nhanh sẽ ủng hộ tiếp",positive,neutral,positive,neutral,positive
"chua biet đúng giao khá nhanh, shipper thân thiện( vid mang tính )",positive,neutral,positive,neutral,positive
Hàng tạm được giao hàng cực nhanh hôm sau nhận được luôn rồi nhé,neutral,neutral,positive,neutral,positive
giống ảnh ok Giao hàng nhanh đóng gói kĩ ốp đẹp giá rẻ dùng êm mẫu da dạng,positive,positive,positive,positive,positive
"toost đúng Tặng shop nghìn sao , giá rẻ , chất lượng , tặng quá trời giấy làm sạch màn hình , lần sau sẽ ủng ủng shop lại",positive,neutral,neutral,positive,positive
"dung tot Da mua lan thu 2 , re dep ben. Se ung ho them. San pham chat luong tot",neutral,neutral,neutral,neutral,neutral
"Ship nhanh. Mua của shop nhiều lần r. Ưng ý , tặng kèm quà nữa . Cảm ơn shop nhieu nhe . Sẽ ủng hộ thêm",positive,neutral,positive,neutral,positive
Ốp đẹp chất lươnj nhá không mua là rất phí giá cả hợp lý rẻ rất đẹp và chất sang sịn mịn mua đi,positive,neutral,neutral,positive,positive
"Đúng Giá rẻ, chất lượng tạm ổn Cũng là loại thông thường nhưng có 4 đệm khí nên cũng tốt hơn so với các loại khác, nên lấy loại ốp vuông thì sẽ cứng cáp hơn.",negative,neutral,neutral,positive,negative
"nhựa đúng Ốp đẹp lắm , bền , tuy đơn giản nhưng vô cùng đjep mât , đoang gói kĩ càng mnguoi nên mua thôi nhé",positive,positive,neutral,neutral,positive
"Ốp lưng đẹp nha dẻo sài okla, ốp lên đẹp mua 2 cái dc giá rẻ sẽ ủng hộ shop thêm",positive,neutral,neutral,positive,positive
đẹp chất lượng tốt dàu hkk vnn Sản phẩm chất lượng cho shop 5 sao,positive,neutral,neutral,neutral,positive
"tốt đúng Sản phẩm giống với hình quảng cáo. Xxinh đẹp tuyệt vời. Dây đeo chắc chắn, giao hàng nhanh.",positive,neutral,positive,neutral,positive
"tot đúng Hình ảnh mang tính chất minh hoạ, chất lượng tốt và đẹp sẽ ủng hộ shop tiếp ạ",positive,neutral,neutral,neutral,positive
"dung mo ta Ốp trong vẫn là chân ái, siêu đẹp mà trong, giá lại rẻ",positive,neutral,neutral,positive,positive
"Sản phẩm tương xứng giá tiền, shop chuẩn bị và giao hàng nhanh",positive,neutral,positive,positive,positive
"đúng tốt Ốp đẹp, dễ thương lắmm, xứng đáng mua, sẽ ủng hộ shop lâu dài",positive,neutral,neutral,neutral,positive
"Ốp đẹp nha, rất gọn và cầm chắc tay. Rẻ nhưng chất lượng, rất ưng ý, lần sau sẽ lại ủng hộ cho shop 💐",positive,neutral,neutral,positive,positive
đúng tốt Mua của shop nhiều lần rồi nên ko có gì để chê nữa ốp quá xuất sắc sẽ tiếp tục ủng hộ shop nhiều lần nữa,positive,neutral,neutral,neutral,positive
dung voi mo ta Ốp lưng đẹp lắm mọi người . Thời gian giao hàng nhanh chóng . TUYỆT,positive,neutral,positive,neutral,positive
dung tot Cũng dùng được cầm vừa tay ko trơn sẽ mua thêm mẫu khác,neutral,neutral,neutral,neutral,neutral
"đã nhận được hàng. giao hàng khá nhanh, sản phẩm đẹp phù hợp giá tiền, hình ảnh mang tính chất minh hoạ, video này minh hoạ thôi nhé, đánh giá , nên mua nhé mọi người, ok cảm ơn shop",positive,neutral,positive,positive,positive
tốt đúng Mua shop rẻ hơn ngoài.mua 4 cái dùng dần.đóng gói cẩn thận,positive,positive,neutral,positive,positive
Giao hàng nhanh gói hàng cẩn thận đã mua hàng bên shop mấy lần rồi rất ưng,positive,positive,positive,neutral,positive
"Luôn là một trong những gương mặt tạo nên xu hướng, sự xuất hiện của Jennie luôn trở thành tâm điểm chú ý với người hâm mộ. Mới đây nhất màn tái xuất của người đẹp tại một sự kiện ở Nhật Bản khiến khán giả bàn tán xôn xao trước ngoại hình của cô nàng. Diện mẫu váy ngắn hai dây màu trắng, độ ngắn kiệm vải của chiếc váy được kết hợp cùng mẫu tất trắng mang đậm hơi hướng Y2K. Với thiết kế hoài cổ cùng dáng kính oval là một trong những điểm nổi bật của mốt kính này. Với thiết kế hoài cổ cùng dáng kính oval là một trong những điểm nổi bật của mốt kính này. Tuy nhiên cách thêm thắt các chi tiết khiến tổng thể không mấy ăn nhập. Tạo hình với mái tóc rẽ ngang rồi thắt tóc sang hai bên, Jennie đeo kính “bà ngoại"" đang rần rần trong BST Jentle Salon.",positive,neutral,neutral,neutral,positive
"2 tên cuo'p trốn vào TP. HCM sau khi gây a'n Sau khi lựa chọn được địa điểm gây a'n, 2 đối tượng di chuyển từ TP. Kon Tum cũ xuống TP. Pleiku để nghiên cứu địa hình, nghiên cứu cung đường gây a'n và tẩu thoát, chuẩn bị công cụ, phương tiện gây a'n, cũng như lên phương a'n tiêu hủy đồ vật, phương tiện gây a'n để tránh sự truy xét của Công an. Sau khi gây a'n và chiê'm đoạt được số tiền lớn, 2 đối tượng đã trốn vào TP. HCM để tẩu tán tài sản cuo'p được, sau đó Ân về nhà tại tỉnh Quảng Ngãi sinh sống như bình thường, riêng Tài tiếp tục lẩn trô'n cho đến khi bị phát hiện, bắt giữ. Tại Cơ quan điều tra, Tài còn khai nhận hành vi vào tối 5/8/2018 tại quán Bar Window (đường Nguyễn Huệ, TP Kon Tum, tỉnh Kon Tum cũ). Khám xét nơi ở 2 nghi phạm, Cơ quan điều tra tạm giữ 4 kh/ẩu 🔫, khoảng 930tr tiê`n mặt, 2 nhẫn va`ng và nhiều đồ vật, tài liệu khác có liên quan.",positive,neutral,neutral,positive,negative
dung mau ma tot Giao hangg nhanh.đóng gói chắc chắn.ưng ý,positive,positive,positive,neutral,positive
depj tot 15 promaxx 256G pin 100 vỏ phẩy có xước zin all màn mực mép bên trái như ảnh. Full chức năng không lỗi lầm gì face id đầy đủ . Giá 18tr5 rẻ như 14 promaxx,negative,neutral,neutral,positive,negative
tốt đubgs với mô tả Ốp trong sáng đẹp sang lắm nha không có gì miêu tả. Tặng kèm nhiều giấy lau xịn xò con bò,positive,neutral,neutral,neutral,positive
tốt shop giao nhanh ốp cũng đẹp lắm ạ đơn giản mà đẹp lại rẻ nữa. 10₫ nha shop oi,positive,neutral,positive,positive,positive
"dung tot Sản phẩm đẹp,chất lượng tốt giao hàng nhanh,sẽ ủng hộ shop lần sau",positive,neutral,positive,neutral,positive
chưa dùng nên chưa biết đúng với mô tả Shop đóng gói cẩn thận giao hàng nhanh,positive,positive,positive,neutral,positive
chất lượng sản phẩm tốt phù hợp bới giá tiền ốp dẻo chắc chắn dùg ưg sẽ ủg hộ thêm,positive,neutral,neutral,positive,positive
"Ốp đẹp, ổn, giá ưng ý, ốp trong suốt cơ mà sợ dùng lâu ngả màu :vv",positive,neutral,neutral,positive,positive
ddung moo ta tôt Re đẹp nên mua,positive,neutral,neutral,neutral,positive
"Hàng giao nhanh, gói hàng kĩ. Ốp rất trong và đẹp. Mua thay đổi thường xuyên cũng được",positive,positive,positive,neutral,positive
"đẹp nha, anh ship tận tình lắm ý Nên mua nha, hàng đẹp với chất lượng. Tặng quá tr luôn í",positive,neutral,positive,neutral,positive
"tot Sản phẩm giao đúng, đủ. Hàng giao nhanh đóng gói tốt. Sẽ ủng hộ thêm",positive,positive,positive,neutral,positive
"không biết đẹp đúng mẫu , rất ưng giá lại rẻ nên mua nha mọi người đẹp đúng mẫu , rất ưng giá lại rẻ nên mua nha mọi người",positive,neutral,neutral,positive,positive
đúngg ốp lưng cũng cứng a với trong nữa mua có cái ốp mà tặng nhìu giấy lau quaa trời-)))) lần đầu thấy,negative,neutral,neutral,neutral,negative
"đúng loại ok Mua 2 cái ốp trắng,cho một thêm cái ốp đen ko biết của dt nào",positive,neutral,neutral,neutral,positive
"dung dung Sản phẩm ok, giá rẻ, nên ủng hộ nha mn, hình ảnh mang tính chất minh hoạ",positive,neutral,neutral,positive,positive
"Shop giao hàng nhanh, đóng gói cẩn thận, đủ số lượng",neutral,positive,positive,neutral,positive
tuyet voi San pham dep hon mong doi,neutral,neutral,neutral,neutral,neutral
"Ok Ốp lưng iphone trong suốt cao cấp, chống sốc Ốp ok nhé mọi người, nhưng ít mẫu quá, thank shop",positive,neutral,neutral,neutral,positive
nhựa trong suốt chuẩn form vuông luon ạ/ đỉnh 10đ cho shopp Do shop hết hàng nên giao thiếu và shop cũng đã để lại lời nhắn xl và còn hoàn tiền Tht sự quá uy tín và chất lượng,positive,neutral,positive,positive,negative
"tot tot Trang web xem phim trực tuyến miễn phí chất lượng cao với giao diện trực quan, tốc độ tải trang nhanh, cùng kho phim với hơn 10.000+ phim mới, phim hay, luôn cập nhật phim nh",neutral,neutral,positive,neutral,positive
"Sốp giao nhanh mà đầy đủ lắm, cường lực chống trộm mình chưa dùng, cường lực thường mình thấy chống xước, rơi cũng kh lo vỡ, ncl ok",negative,neutral,positive,neutral,positive
Giao hàng nhanh . Ốp oki ôm đt nè ốp trong suốt 10đ lun chắc chắn cứng cap bve tot,negative,neutral,positive,neutral,positive
"Xinh xắn, dùng ngay và luôn. Ship hàng nhanh như hoả tốc. Lại kèm thêm mấy thứ này. Xứng đáng 5*.",neutral,neutral,positive,neutral,positive
"oki. đúng voiws mô tả. Chất cũng dầy dặn , trong ,sau sẽ ủng hộ tiếp.",positive,neutral,neutral,neutral,positive
ốp lưng cứng cáp dùng sẽ nổi bật màu xanh của điện thoại trông sang hơn,negative,neutral,neutral,neutral,negative
ratđẹp rất đúng Đẹp nên mua,positive,neutral,neutral,neutral,positive
Ốp khác dẻoooo nhaaa cả nhà nên muâ ạ giá rẻ miễn chê,neutral,neutral,neutral,positive,positive
"‼️DỰ BÁO MƯA RÉT DỊP TẾT NGUYÊN ĐÁN THÍCH HỢP NGỦ NƯỚNG VÀ CÀY PHIM ☺️ Từ Thứ Bảy tuần tới (25/01 - 26 Tết), Miền Bắc có một đợt gió mùa đông bắc mạnh tràn xuống, gây mưa nhiều. Chủ Nhật và Thứ Hai sẽ có rét đậm rét hại trên diện rộng. Khu vực đồng bằng cũng có thể xuống tới 8 - 9 độ C. Rét kèm theo mưa nên đây có lẽ sẽ được tính là đợt rét mạnh nhất kể từ đầu mùa đông. Thứ Ba và Thứ Tư (28 và 29 Tết) tiếp tục rét đậm. Sau 3 ngày có mưa kèm gió mạnh thì không khí trong lành, tuy rét nhưng vẫn được xem là thuận lợi cho các hoạt động chuẩn bị đón năm mới. Thứ Tư (mùng 1 Tết) và Thứ Năm (mùng 2 Tết), Thứ Sau trời nhiều mây hơn, sáng sớm có sương mù. Từ Thứ Bảy (mùng 4 Tết), dự báo lại có một đợt không khí lạnh mạnh tràn xuống gây mưa to và rét. ------ Theo Thời Tiết Miền Bắc",negative,neutral,neutral,neutral,positive
"Ốp giá rẻ, phù hợp với người ít tiền dùng ip như mình. Tks shop nhé.",neutral,neutral,neutral,positive,positive
giao hàng nhanh đúng mẫu mã đúng số lượng chất lượng ok quà tặng kèm theo,positive,neutral,positive,neutral,positive
"oke la là lá đúng với mô tả Dày dặn, giao hàng nhanh, tiện lợi hữu ích, ốp đẹp hình ảnh mang tính chất nhânn xu",positive,neutral,positive,neutral,positive
tốt đúng Giao hàng đúng ngày.đóng gói cẩn thận.mua giá rẻ hơn ngoài,positive,positive,positive,positive,positive
dung tốt hàng tốt lần sau sẽ ủng hộ ( hình ảnh và vd chỉ mang tc ),positive,neutral,neutral,neutral,positive
"Shop chuẩn bị hàng và giao hàng nhanh chóng, đóng gói hàng đầy đủ số lượng đã mua, lần sau sẽ tiếp tục ủng hộ!",positive,positive,positive,neutral,positive
"NHÌN LẠI MỘT NĂM ĐỀ KHÁNG VỮNG VÀNG, CON SINH MỔ SẴN SÀNG ĐÓN NĂM MỚI Mẹ đoán xem, giờ này là mấy giờ? 💙Giờ là lúc nhìn lại, xem một năm lớn khôn của “cục vàng” khi được tăng cường đề kháng với SYNBIOTIC ĐỘC QUYỀN đó mẹ ơi! 🧧Bởi Tết đến không chỉ là thời khắc vui vẻ, sum vầy mà còn là cơ hội tuyệt vời để mẹ và trẻ cùng điểm lại một năm ý nghĩa, lớn khôn hơn qua từng ngày cùng APTAMIL KID MỚI!",positive,neutral,neutral,positive,positive
phù họp vs giá thành đúng sản phẩm,positive,neutral,neutral,positive,positive
"đúng tốt Ốp đẹp lắm, giá rẻ nữa, nên mua nha. Xài cả năm luôn í",positive,neutral,neutral,positive,positive
"đẹp đúng Giao hàng nhanh , ốp cực kì đẹp 🤩 mng nên nhé💞",positive,neutral,positive,neutral,positive
ok ok Ốp tàm tạm Giao hàng nhanh Giá rẻ Chất lượng ổn Hsus hsu súii óksbs gdudbe eyuehd bcmjwhs,positive,neutral,positive,positive,positive
ok OK Giao hàng nhanh sản phẩm đẹp mình khá là hài lòng lần sau sẽ ủng hô tiếp,positive,neutral,positive,neutral,positive
Shop giao hang nhanh dong goi can than giao dung loai rất đẹp nha,positive,neutral,positive,neutral,positive
én s ốp dsejp giao hang nhanh an -)))),neutral,neutral,positive,neutral,positive
dung deo Ốp lưng trong suốt trắng tinh xuyên thấu dẻo dai mình rất ưng ý và sẽ mua đi mua lại mua hoài mua mãi mua miết miết luôn nhé cả nhà yêu dấu mặt như cái cấu ahihi,positive,neutral,neutral,neutral,positive
"DONG HANH cung chuong trinh ANH TRAI SAY HI voi goi cuoc VieON: MobiFone TANG NGAY 50% gia tri goi cuoc vao tai khoan khuyen mai khi dang ky goi cuoc MFV, MFV250 (goi don ky hoac dai ky) vao ngay 22/07/2024. Uu dai danh cho cac thue bao co the dang ky cac goi cuoc tren. Khong gioi han so lan khuyen mai trong thoi gian khuyen mai. KM vao tai khoan KM1T (su dung thoai, SMS noi mang MobiFone trong 15 ngay). Lien he 9090 de kiem tra dieu kien dang ky goi cuoc. Xin cam on.",neutral,neutral,neutral,neutral,neutral
"Chất lượng: ok Bảo vệ: ok Giao hàng nhanh , sp y hình , chất liệu ổn so với giá",positive,neutral,positive,positive,positive
"ok ok Hàng đẹp, giao hàng nhanh",positive,neutral,positive,neutral,positive
"Chất lượng: dep Bảo vệ: oke Viettel TB: Từ 0h-5h ngày 24/02/2026, gói SD70 sẽ gia hạn. Cước phí 70.000đ/30 ngày có 30GB (1GB/ngày). Quý khách đảm bảo thuê bao hoạt động 2 chiều và đủ tiền để gói cước gia hạn thành công. Nếu tài khoản gốc không đủ, gói cước sẽ gia hạn tương ứng với số tiền còn lại, tối thiểu 5.000đ (không áp dụng với thuê bao không gia hạn đủ 100% cước phí gói trong 60 ngày). Để hủy gia hạn, soạn HUY gửi 191. Lưu ý: Quý khách sẽ không được đăng ký lại nếu gói bị hủy. LH 198 (0đ). Trân trọng.",positive,positive,neutral,positive,positive
"Sản phẩm đẹp, được bọc trong bao bì cẩn thận. Bảo vệ điện thoại tốt",positive,positive,neutral,neutral,positive
"dc ok Hình ảnh chỉ mang tính , sản phẩm ok, phù hợp với giá tiền, giao hàng nhanh, nói chung cũng ổn? Nên mua nha mn, shop gửi hàng nhanh chóng , cho shop 5*ê",positive,neutral,positive,positive,positive
"Ốp nhìn dày dặn đẹp ghê luôn í, giá siêu hời luôn. Cảm ơn shop nhiều lắm ạaaaaa",positive,neutral,neutral,positive,positive
toits đunhs Ốp đẹp ạ Sẽ unh hộ tiews nhé ạ Hình ảm vbag video mag tính chát,positive,neutral,neutral,neutral,positive
Hàng đẹp giá rẻ chất kiệu tốt shop phục vụ nhiệt tình giao hàng nhanh sẽ mua ủng hộ shop tiếp —————,positive,neutral,positive,positive,positive
Giao hàng cũng nhanh giá rẻ dùng hỏng lại vứt 13k cái ốp tặng thêm bao nhiêu giấy lau vẫn ủng hộ shop tiếp,neutral,neutral,negative,positive,positive
ok ok Hàng rất ok đã mua rất nhiều lần rất ổn so với giá sẽ tiếp tục ủng hộ,positive,neutral,neutral,positive,positive
"tốt giống Thoi tiet Bac Giang 10/08: Ngay nang nong, tu chieu de phong mua dong, kha nang mua 55%, nhiet do 29-35oC, do am 74%.",positive,neutral,neutral,neutral,positive
"ddusng Giúp mẹ em ít cân với cả nhà ơi Mùa cốm đến mẹ mới thu hoạch vụ cốm mới dẻo ngon lắm Cốm hông xôi ,nấu chè dẻo ngon Giá rẻ bất ngờ 2 kg miễn ship ạ Zalo 0363.294.456",neutral,neutral,positive,positive,positive
"ok ok Hàng giao nhanh, đúng mô tả, shop bọc cẩn thận. Sẽ ủng hộ shop dài dài",positive,positive,positive,neutral,positive
đúng với mô tả Đẹp lắm shop 8 cái ốp có 84k à ngon lành cành đào luôn,positive,neutral,neutral,neutral,positive
quá tuyệt voiwf đúng Mua lần đầu nhưng mà ưng vai lại còn săn được rẻ nữa,positive,neutral,neutral,positive,positive
toots màu trắng đẹp sản phẩm oke shop oke nói chung rất oke nên mua giá cả hợp lí,positive,neutral,neutral,positive,positive
"ok đúng Nhận hàng hài lòng, rất ok",positive,neutral,neutral,neutral,positive
,neutral,neutral,neutral,neutral,neutral
ok ok,positive,neutral,neutral,neutral,positive
"rat dung voi mo ta ok so voi gia tien sản phẩm đúng với mô tả, sản phẩm chất lượng bình thường hợp giá tiền",positive,neutral,neutral,positive,positive
"đúng tốt Cũng ổn, đẹp, chi tiết sắc nét dáng ôm máy có điều nên làm mỏng hơn tí.",negative,neutral,neutral,neutral,positive
"Giao hàng nhanh bình thường 😊 Ốp khá dày dặn, giá rẻ hơn mua ngoài",positive,neutral,positive,positive,positive
"dudng tốt Shop hỗ trợ nhiệt tình, giao hàng nhanh, sẽ ủng hộp tiếp.",positive,positive,positive,neutral,positive
đúng tốt Ốp xinh nhe,positive,neutral,neutral,neutral,positive
"Shop đóng gói đầy đủ, chắc chắn, giao hàng nhanh, ốp giá cả khá rẻ nên chất lượng vậy cũng ổn",positive,positive,positive,positive,positive
"Ốp đẹp. Mua nhiều của shin case rồi, chất liệu ổn, ưng. Giá ốp shop cũng rẻ",positive,neutral,neutral,positive,positive
dung tot 1k i is going to go to the store and see if i could do it for a while or so i’ll just be,neutral,neutral,neutral,neutral,neutral
"Tai khoan cua Quy khach sap het, soan UT gui 9778 (trong vong 48h) de duoc cong 40000d, su dung trong 48 gio tu DV Fast Airtime. Tai khoan cong se duoc tru khi Quy khach nap the. Tai khoan cong chua su dung het se bi huy khi het thoi gian su dung (Tai khoan cong chi su dung goi, nhan tin noi mang va ngoai mang). Tu choi nhan tin nhan, soan TC gui 9778. Chi tiet LH 198 (mien phi).",neutral,neutral,neutral,neutral,neutral
"ok ok Ốp của shop rất đẹp, mà lại săn đc với giá 0 đồng luôn. Quá là hài lòng lần sau sẽ ủng hộ shop tiếp",positive,neutral,neutral,positive,positive
"10/10 10/10 Cái này mình mua cho bố, mới đặt nay mà hôm sau đã giao rùi. Nhanh thực sự lun á. Ốp đúng như trong ảnh, bố mình ưng lắm. Hehe nhất shop luôn á . 10 điểm ạ!",positive,neutral,positive,neutral,positive
"tạm đúng Shop giao hàng nhanh, đóng gói cẩn thận,sản phẩm hơi dày nên chỗ các nút bấm hơi khó, dùng tạm thôi",positive,positive,positive,neutral,positive
"tốt Ốp dày dặn,quá xứng đáng mua,chất lượng trên giá tiền.mua ko phải suy nghĩ nhé mọi người.",positive,neutral,neutral,positive,positive
"tốt đúng , sản phẩm tốt, đúng với mô tả, nên mua",positive,neutral,neutral,neutral,positive
ok ok Hàng rất chi là oke. Ha khuyên mọi người nên mia hàng của shop này nhed mọi ngừoi ơii rấy chi là,positive,neutral,neutral,neutral,positive
"Tốt ok Đẹp, giao nhanh, dùng 1 2 tháng nó ố rồi mua lại tiếp",positive,neutral,positive,neutral,positive
"[TB] Hiện nay, tội phạm sử dụng công nghệ cao lợi dụng việc giải quyết thủ tục hành chính trực tuyến để thực hiện hành vi lừa đảo chiếm đoạt tài sản. Đề nghị người dân nâng cao cảnh giác, không tải, cài đặt, truy cập các đường link, ứng dụng theo yêu cầu của người lạ. Khuyến cáo nhân dân cần lưu ý: Các cơ quan chức năng không làm việc (định danh, nâng cấp tài khoản...) qua điện thoại, mạng xã hội; các website của cơ quan nhà nước có định danh "".gov.vn"". Khi phát hiện thông tin nghi vấn, cần trình báo ngay với Phòng cảnh sát hình sự - CATP Hà Nội, số điện thoại: 0692196242 (cước gọi cố định) hoặc cơ quan Công an gần nhất để được hướng dẫn.",neutral,neutral,neutral,negative,negative
Tốt đúng Xinh lắm,positive,neutral,neutral,neutral,positive
đúng chẩn Hàng đẹp lần sau sẽ ủng hộ tiếp @,positive,neutral,neutral,neutral,positive
"🎋 CLIP HIGHLIGHT CHÍNH THỨC TOÀN CẢNH SỰ KIỆN GALA DINNER “VỀ NHÀ ĂN TẾT” 🎋 ✅ Vào ngày 15/01 vừa qua, sự kiện Gala Dinner “Về Nhà Ăn Tết” đã diễn ra thành công tốt đẹp trong không khí Hân Hoan - Cảm Xúc - Bùng Nổ. Sự kiện là dịp để toàn bộ CBNV Tập đoàn Dova Group cùng nhìn lại những thành tựu đạt được trong năm 2023 và “mở” ra năm 2024 thuận lợi, với nhiều định hướng mới. Bên cạnh đó, sự kiện cũng là nơi vinh danh những cá nhân, tập thể CBNV có thành tích xuất sắc trong năm 2023. Đây là lời cảm ơn, sự tri ân sâu sắc nhất mà chúng tôi gửi đến những con người đã đóng góp rất nhiều vào thành công của Dova Group. 👏 👏 Hãy bật ""play"" ngay video chế độ HD để xem lại những khoảnh khắc cực đáng nhớ của Gala Dinner ""Về nhà ăn Tết"" tại: https://s.net.vn/ISCw Trân trọng!",positive,neutral,neutral,neutral,positive
"Đẹp, giao hàng nhanh, lần sau sẽ ủng hộ thêm, ốp đẹp phù hợp vs giá tiền",positive,neutral,positive,positive,positive
Op đẹp đúng với mô tả sẽ mua lại lần nữa khi muốn thay op Giá rẻ mà chất lượng rất chi là ok Trước cứ tmra cửa hàng mua toàn bị đắt mà chất lượng vẫn thế,positive,neutral,neutral,negative,positive
đúng ok lắm nha cute and funny feel đẹp quá chị em ơi em đi học sớm hơn một,positive,neutral,neutral,neutral,positive
"đóng gói cẩn thận, giao hàng nhanh, ốp đúng với mô tả. ốp đẹp mà giá lại rẻ. sẽ ủng hộ shop tiếp",positive,positive,positive,positive,positive
ok Sản phẩm ok nha mn còn lâu dài chắc là nó cũng phải ố vàng thôi,positive,neutral,neutral,neutral,positive
"Hàng thì cũng khá là rẻ nên không bàn đến chất lượng ,tuy nhiên giao khá là nhanh :10đ",neutral,neutral,positive,positive,positive
shop đóng gói đẹp và chắc chắn lắm nha chất lượng ok xứng đáng với giá,positive,positive,neutral,positive,positive
vừa khít máy đã đặt đóng gói đơn giản cẩn thận Giao hàng nhanh khá vừa ý,positive,positive,positive,neutral,positive
"Xịn xò nen mua nha mọi người, rất iuuu luôn ạ, giá rẻ lém lun áaaa. dùng lâu nó hơi vàng hihi",positive,neutral,neutral,positive,positive
"[QC] Dịch vụ chữ ký số từ xa MySign: MIỄN PHÍ khởi tạo, MIỄN PHÍ ký dịch vụ công 12 tháng khi đăng ký lần đầu. Chữ ký số MySign có giá trị pháp lý như chữ ký tay truyền thống, cho phép thực hiện ký số ngay trên điện thoại di động và đáp ứng toàn bộ các quy định của chính phủ về an toàn bảo mật. Đăng ký ngay tại https://.viettel.vn/mysignws. Chi tiết LH 18008000 (0đ). Từ chối QC, soạn TC3 gửi 199.",neutral,neutral,neutral,positive,positive
"dung tot Giá thành rẻ mà chất lượng sản phẩm khá tốt,còn được tặng bao nhiu khăn lau kính nữa . Sẽ ủng hộ shop tiếp nha .",positive,neutral,neutral,positive,positive
"ddung nhu mo ta ok Giao nhanh,giá rẻ,chắc mau vàng,mua nhiu nào vàng thì thay",positive,neutral,positive,positive,positive
hàng đúng Hàng tốt dẹp ngon bổ rẻ ai mua thì nhớ mua cho gia đinh mình dùng đi đỡ lãng phí thời gian với các bạn có thể tham khảo thêm về việc này thì mình thấy nó cũng có thể là,positive,neutral,neutral,positive,positive
Giao hàng nhanh shipped thân thiện ốp rất đẹp nhé mọi người se ủng hộ shop nhiều,positive,neutral,positive,neutral,positive
xsm sai😭 tốt Mua 2 cái mau xsm thì xấu kinh😭còn ip 11 màu thì đẹp Xsm nó lên màu trắng trắng xấu Còn 11 thì ương màu ốp đấy Đặt giống nhau mà màu 1 cái thất vọng,negative,neutral,neutral,neutral,negative
ốp dày dặn hình siêu xinhh,positive,neutral,neutral,neutral,positive
ôki đúg,neutral,neutral,neutral,neutral,neutral
"ok ok Giá rẻ mua về thay đổi, rơi k bị vỡ kính phù hợp với ng hay làm rơi đt",positive,neutral,neutral,positive,positive
Ốp xinh và đẹp lắm nên mua nhé mọi người giá rẻ nhưng chất lượng lắm đóng gói hàng cẩn thận,positive,positive,neutral,positive,positive
Ốp đẹp Giao hàng nhanh Giá hợp lý Cường lực đẹp Còn ủng hộ shop lần sau,positive,neutral,positive,positive,positive
perfect Trời ơi nhận hàng cute quá trời quá đất luôn,neutral,neutral,neutral,neutral,neutral
"đúng ok Thì cái ốp lưng nó là cái ốp lưng giống với mô tả, lười tháo ốp ra chụp quá nên ảnh với video chỉ :)",positive,neutral,neutral,neutral,positive
"Sản phẩm dung với hình , nhìn rất đẹp op cứng dày , sẽ sử dụng nữa nếu cần và ủng hộ shop thêm",negative,neutral,neutral,neutral,positive
Giao hàng nhanh đúng hanvf chống sốc đẹp đày dặn mềm nhìn rất bền,positive,neutral,positive,neutral,positive
Trời ơi 10đ cho shop k có nhưng.Đẹp xuất sắc lun. Như trên hình cưng gì đâu lun. Màu sắc đẹp Iu shop. Tiếp tục ủng hộ shop ạ,positive,neutral,neutral,neutral,positive
"Okie Rẻ nhưng mà cứng cáp lắm nha mn, đáng mua nhee, ship khá nhanh nữa. Tui không có quay lại video nên giải trí z ha 🥹🙏",negative,neutral,positive,positive,positive
tốt Tốt đúng và mô tả shipper thân thiện đúng vs giá giao nhanh,positive,neutral,positive,positive,positive
đúng ok hàng giao về như hình nha chất lượng ok giá phù hợp h/a mang tc,positive,neutral,positive,positive,positive
"Sản phẩm chất lượng tốt, giao hàng nhanh, đóng gói cẩn thận, shop rất nhiệt tình.",positive,positive,positive,neutral,positive
raats la đẹp đúng,positive,neutral,neutral,neutral,positive
ok đúng okk nha nhìn chất lượng ổn lắm nhưng lắp vào máy hơi khó,positive,neutral,neutral,neutral,positive
"100/10 đúng Ốp đẹp lắm ạ, sẽ ủng hộ shop lần sau nếu có mua thêm off",positive,neutral,neutral,neutral,positive
sản phẩm đẹp nha đóng gói kĩ mình mua nhiewuf lần roi lần nào cubgx ưng hết hình ảnh mang tính,positive,positive,neutral,neutral,positive
"good ốp lưng dày dặn, giá thành rẻ, giao nhanh, nên mua nhé mọi người",positive,neutral,positive,positive,positive
Đóng gõi kỹ giao hàng nhanh lắm hai ngày là tới rồi shiper thân thiện 100/10,neutral,neutral,positive,neutral,positive
"Đẹp nha mng ui, giá rẻ mà lại chất lượng. Nhận hàng đúng như mong đợi luôn",positive,neutral,neutral,positive,positive
Sản phẩm đẹp giá rẻ. Đóng gói cẩn thận ship bơ quen cả nhà k cần gọi điện luôn sẽ ủng hộ shop,positive,positive,positive,positive,positive
yes yes Đất trồng cây lâu năm có thể vay thế chấp ngân hàng được. Nhưng tùy vào ngân hàng mà thế chấp được nhiều hay ít. Tất nhiên không cao bằng giá của đất thổ cư. Hiện tại các ngân hàng đang cho vay hạn mức từ 40 – 50% giá trị.,positive,neutral,neutral,negative,negative
ốp quá ổn so với giá tiền. shop chuẩn bị ship siêu siêu nhanhhh,positive,neutral,positive,positive,positive
"Sản phẩm hoàn thiện cực kì tốt, shop cho rất nhiều giấy lau. Đóng gói giao hàng cực nhanh 10₫",positive,positive,positive,neutral,positive
Rất hài lòng dsx nua làn 2 shop uy tín Op đẹp lắm nha mn Mn ủng hộ nha Nên mua lắm nh mn,positive,neutral,neutral,neutral,positive
"Giao hàng nhanh, sản phẩm khá chất lượng, mới dùng chưa biết như thế nào, dùng lâu k biết bị ám màu k",neutral,neutral,negative,neutral,negative
"Giao hàng nhanh, ốp đẹp.shiper nhiệt tình .Sẽ ủng hộ cho shop.❤️",positive,neutral,positive,neutral,positive
"ok ok 🌆🌆ip 12 qte 64g . hih thức phây đẹp . k zin tặng luôn máy . pin 8x . áp căng đét , chuản apple 🌆🌆5tr990k 🌆🌆lh 0987815123",positive,neutral,neutral,neutral,positive
ok ok Đã nhận được sản phẩm của cửa hàng. Sẽ quay lại ủng hộ những lần tiếp theo,positive,neutral,neutral,neutral,positive
"Hàng ok, giao nhanh, đẹp, giá hạt dẻ, có voucher nên mua nha các bạn",positive,neutral,positive,positive,positive
ok ok Hàng ok mình cảm ơn nhé ạ không có gì đặc biêt hết ok mọi người ơi,positive,neutral,neutral,neutral,positive
"Sản phẩm đúng chất lượng so với giá thành , giao hàng nhanh đóng gói cẩn thận sẽ ủng hộ shop nhiều",positive,positive,positive,positive,positive
"tốt đúng mẫu Sản phẩm tốt, lần tới sẽ mua tiếp nhaaaa😗",positive,neutral,neutral,neutral,positive
"Sản phẩm mẫu mã đẹp, giống hình quảng cáo, chất lượng tốt, shop đóng gói cẩn thận, thời gian giao hàng nhanh",positive,positive,positive,neutral,positive
"Ốp xinh, ship nhanh, mình rất ưng ạ. Cũng mua mấy lần bên shop mà lần này ưng nhất",positive,neutral,positive,neutral,positive
Đã nhận được hàng ốp giống hình,neutral,neutral,neutral,neutral,neutral
đúng với mô tả tốt,positive,neutral,neutral,neutral,positive
"ddungs ok Cập nhật giá vàng sáng 23.10: Vàng thế giới niêm yết ở ngưỡng cao nhất mọi thời đại. Trong nước, vàng nhẫn trơn cũng tăng cao chót vót.",positive,neutral,neutral,negative,positive
Ốp lưng rất đẹp vừa khít cứng cáp giúp điện thoai giữ vững chắc chắn khi cầm,negative,neutral,neutral,neutral,positive
"ốp đẹp, mua đi mua lại nhiều lần rồi, dùng rất ok, giao hàng nhanh ,,,,,,,",positive,neutral,positive,neutral,positive
dung đúng ốp điện thoại rất xinh shipper thân thiện sẽ ungho shop dài,positive,neutral,positive,neutral,positive
sản phẩm tốt mọi ngừoi ủng hộ shop gói hàng cẩn thận giao hàng sieu đầy đủ nha❤️❤️❤️🫶🏻🫶🏻,positive,positive,positive,neutral,positive
Hàng đóng gói cẩn thận giao hàng nhanh sốp nhiệt tình hàng đúng với mô tả,positive,positive,positive,neutral,positive
đúng okila Sản phẩm đẹp giá rẻ…..shop có tâm lắm…mọi người nên mua.,positive,neutral,neutral,positive,positive
"ok đúng mô tả Giao hàng nhanh, ốp dùng cũng được, không biết có nhanh ố vàng hay không thôi",positive,neutral,positive,neutral,positive
depj đúng Cứng cáp 👍🏻👍🏻👍🏻,negative,neutral,neutral,neutral,negative
"tot đúng Giao hàng nhanh, nhiệt tình, đóng gói cẩn thận. Sẽ tiếp tục ủng hộ shop",positive,positive,positive,neutral,positive
good đúng Hàng đẹp đúng mô tả nói chung là very nice,positive,neutral,neutral,neutral,positive
"dep Phù hợp giá tiền, hình in sắc nét, đẹp, nên mua …………………..",positive,neutral,neutral,positive,positive
dung vs mo ta sản phẩm tốt Sản phẩm tốt đáng để mua,positive,neutral,neutral,neutral,positive
"Ốp i như hình nha mọi người ới. Vừa xinh vừa rẻ nữa, giá cả phải chăng phù hợp túi tiền của hssv nhóoo",neutral,neutral,neutral,positive,positive
đúng đúng Rossi màu tím đẹp nhẹ nhàng JiJi Flower House 🌸 Đánh giá mang tính chất,positive,neutral,neutral,positive,positive
"Ốp oke, lại còn săn sale được với giá siêu hời mua luôn 3 cái được tặng cả giấy lau kính",positive,neutral,neutral,positive,positive
Bọc hành cẩn thận giao hàng nhanh . Nên mua nhé mn ơi. Đủ số lượng,neutral,positive,positive,neutral,positive
"Giao hàng nhanh chóng , chất lượng đúng cam kết , giá thành hợp lý hơn các shop khác",positive,neutral,positive,positive,positive
Sản phẩm đúng như hình. Giao hàng nhanh. Lần sau sẽ hngr hộ tiếp,positive,neutral,positive,neutral,positive
"Shop giao hàng nhanh và đầy đủ , giá tốt mình rất hài lòng. Cảm ơn shop! Ốp này mình ko thích lắm vì ko ôm trọn camera , mình thích loại ko có gợn sóng hơn",positive,neutral,positive,positive,positive
"Giao hàng nhanh đóng gói chắc chắn, được tặng quá trời lau chùi sạch máy , cảm ơn nhiều nhé",positive,positive,positive,neutral,positive
dung tốt giá rẻ mà được ốp như vậy là quá tuyệt vời giao hàng nhanh,positive,neutral,positive,positive,positive
"Ốp dày dặn, nhưng bám vân và cầm hơi cấn tay chút ôm sát máy tuy vậy, dẫu biết ốp nào cũng sữ ngả vàng dòng trong suốt này nhueng mong là đc lâu",positive,neutral,neutral,neutral,positive
Ok hàng giao đẹp giá khá rẻ mua liền vài cái ốp dùng dần hàng khá ổn,positive,neutral,positive,positive,positive
Hàng đẹp. Chất lượng phù hợp với giá cả Giao hàng nhanh Rất ưng ý,positive,neutral,positive,positive,positive
"toots đúng Sản phầm đúng mô tả, màu đúng form đẹp chất lượng phù hợp giá cả",positive,neutral,neutral,positive,positive
"thời gian giao hàng nhanh, ốp khá cứng cáp, okela, phù hợp với giá tiền",negative,neutral,positive,positive,positive
"đúng tốt Ốp rất đẹp nha, mình thích basic nên dùng loại này thấy điện thoại sáng hẳn",positive,neutral,neutral,neutral,positive
giao hàng nhanh. giá lại rẻ ốp thì cưng xỉu luôn. lsau sẽ giới thiệu bạn bè ủng hộ shop ạ,positive,neutral,positive,positive,positive
Thong bao: Quy khach da duoc Viettel kich hoat Tai khoan GOI NOI MANG MIEN PHI voi 2 quyen loi: Chon 1 so Viettel de GOI MIEN PHI KHONG GIOI HAN va co 81 PHUT goi den bat ky so Viettel nao.,neutral,neutral,neutral,neutral,neutral
"chất lượng tốt, đóng gói cẩn thận, giao hàng nhanh 10 điêm",positive,positive,positive,neutral,positive
Ốp xinh lắm mn ơi có cả cart cảm ơn nữa ấy nma minh lỡ vứt r 🌹🌹🌹,neutral,neutral,neutral,neutral,positive
"Ốp dễ thương, giá lại rẻ, mua thường thay đổi cũng được",neutral,neutral,neutral,positive,positive
"good cứng , dẻo , bền đẹp , dùng được lâu dài và đáng mua lại",negative,neutral,neutral,neutral,positive
tốt đúng với mô tả sảm phẩm giao hàng nhanh shipper thân thiện,positive,neutral,positive,neutral,positive
"Ốp dẻo chống va đập, giá lại rẻ nữa. Rất đáng mua nha. Giao hàng nhanh",neutral,neutral,positive,positive,positive
lk ok sản phẩm đẹp chất lượng đáng tiền giao hàng nhanh mng nên mua,positive,neutral,positive,positive,positive
rất đẹp Mõi người nên mua ốp này vì nó rất đúng voeis mô tả và hợp giá tiền,positive,neutral,neutral,positive,positive
hàng tốt ốp đẹp tặng kèm thêm nhiều quà tặng shipper thân thiện,positive,neutral,positive,neutral,positive
"Đã nhận được hàng , rất ưng ý về sản phẩm bên shop , sẽ ủng hộ shop nhiều hơn !",positive,neutral,neutral,neutral,positive
Sản phẩm tốt giá rẻ chất lượng đóng gói kĩ lần sau sẽ tiếp tục ủng hộ,positive,positive,neutral,positive,positive
ok đứng Trời không nghĩ mua cái ốp này có 8k lun í ưng quS trời luôn,positive,neutral,neutral,neutral,positive
"dung tot Giao hàng nhanh,shiper nhietj tình.sản phẩm chất lượng.sẽ ủng hộ shop tiếp cho shop 5sao",neutral,neutral,positive,neutral,positive
toost đúng mô tả Giao hàng nhanh shipper thân thiện sản phẩm đúng mô tả,positive,neutral,positive,neutral,positive
"tốt màu đẹp, đúng mẫu, shop vô cùng tâm lí và nhiệt tình luônn",positive,neutral,neutral,neutral,positive
Ốp xinh áp mã được giá rẻ lại được tặng quà.cảm ơn shop.dạo này thay ốp liên tục 😂,neutral,neutral,neutral,positive,positive
tot 100% Chất lượng sản phẩm tốt giao hàng nhanh đóng gói sản phẩm cẩn thận,positive,positive,positive,neutral,positive
quá tốt. 100đ cho shop chuẩn từng cm,positive,neutral,neutral,neutral,positive
"Shop giao hàng nhanh, đóng gói cẩn thận, sản phẩm chất lượng tốt",positive,positive,positive,neutral,positive
"tốt đúng May mắn ghê á 🥰. Tuy k lớn nhưng cũng rất vui . Lần đầu tiên sau 2năm làm nghề hôm nay được gặp và giao lưu cùng đàn anh đàn chị trong ngành ❤️. Chúc toàn thể các anh chị , các bạn trong ngành thật nhiều sức khoẻ , gặt hái được nhiều thành công . CHÀO NĂM MỚI 2024 ❤️",positive,neutral,positive,neutral,positive
"dung Shop đóng gói kĩ càng, giao đúng SL ốp rất đẹp",positive,positive,positive,neutral,positive
đúng tốt Ko I don’t think 💭 would have any money 💴 I can do the next week if that’s possible to do,positive,neutral,neutral,neutral,positive
yes yes Giao nhanh va dung mau nha moi ng. Nen mua ạ hihi,neutral,neutral,positive,neutral,positive
"ok ok Đệp lắm nha, mọi người nên thử mua ủng hộ shop ốp nào cũng đẹp",positive,neutral,neutral,neutral,positive
"Shop giao hàng nhanh, đóng hàng cẩn thận, chất lươngk SP ổn, dễ sử dụng",positive,neutral,positive,neutral,positive
Giao hàng nhanh ốp trong đẹp giá rẻ tầm ba tháng là ố vàng lại mua thay tiếp,positive,neutral,positive,positive,positive
"tuyet voi hàng đúng như mô tả, sẽ ủng hộ tiếp Nên mua",positive,neutral,neutral,neutral,positive
ddungs tuyệt 😆😆😆😘😘😘 Shop nt rất là cute và rất là kin nhẫn 🥰🥰🥰,positive,neutral,neutral,neutral,positive
tot gui đúng mẫu . Đóng gói cẩn thận giao hàng nhanh,positive,positive,positive,neutral,positive
"okok đúng Đồ tặng rất nhiều nha, nên mua hàngggg giao hàng nhanh đóng gói kĩ càng",positive,positive,positive,neutral,positive
ddungs mềm Shop giao hàng nhanh shipepr dễ thương hàng tốt ốp lại rẻ nữa,positive,neutral,positive,positive,positive
"tốt đúng mô tả Giao hàng nhanh, đóng gói cẩn thận, sản phẩm chất lượng",positive,positive,positive,neutral,positive
Chất lượng: op lung chong soc va bao ve camera hieu qua Bảo vệ: op lun sai ok giao hang nhanh chuan hang 5 sao,negative,neutral,positive,neutral,positive
Ốp đẹp lắm giao hàng nhanh đóng gói cẩn nhận nhưng kính cường lực vẫn bị vơ,positive,positive,positive,neutral,positive
oosp ddejp xijn hafng chaast luowjng uy tisn luôn nha ….. đúng,positive,neutral,neutral,neutral,positive
đẹp tốt mẫu đẹp,positive,neutral,neutral,neutral,positive
ddungs tốt okla lắm nhaaa săn sale đc siêu siêu rcm nng hộp bên ngoài i hệt ảnh nha ạa,positive,positive,neutral,neutral,positive
dung voi mo ta nhựa dẻo trong suốt Dẻo trong đẹp.goc cạnh cứng cáp,negative,neutral,neutral,neutral,positive
"ok ốp không ôm máy,màu trắng trong đẹp,bụi bẩn dễ vào trong ốp,giá rẻ,nút ấn ngoài tốt,nên mua",positive,neutral,neutral,positive,positive
tot dung Ok so we are on the road now to the lake for the weekend to see,positive,neutral,neutral,neutral,positive
Đẹp đúng Ở ngoài màu đẹp🌷,positive,neutral,neutral,neutral,positive
dung voi mo ta Ốp lưng trong suốt bảo vệ.rất ưng ý.mn nên mua nha,positive,neutral,neutral,neutral,positive
tốt Ốp đẹp nha mà rẻ nữa,positive,neutral,neutral,positive,positive
"dung tot Giao hàng nhanh,shiper nhietj tình.sản phẩm chất lượng.sẽ ủng hộ shop tiếp cho shop 5sao",neutral,neutral,positive,neutral,positive
"nhựa dẻo kh giống hình lắm quảng cáo với sản phẩm nhận được kh giống nhau lắm , nhưng vẫn ok",positive,neutral,neutral,neutral,positive
Okei nha hihi hheee. Mình mua cho cái iphone XS Max oki ổn áp xài được nha,positive,neutral,neutral,neutral,positive
"ốp đẹp lắm ạ, màu be nên cực xinh nữa, đáng mua tiếp lắm ạ-.- ^^",positive,neutral,neutral,neutral,positive
"Chất lượng: opos lưng rất đẹp Bảo vệ: op lưng giúp chống sốc tốt Sản phẩm rất ok nên mua nha mọi người ,rẻ đẹp nữa ,tum lại rất đáng tiền mua,hinh",positive,neutral,neutral,positive,positive
Chất lượng sản phẩm phù hợp với giá tiền Chất lượng sản phẩm phù hợp với giá tiền Chất lượng sản phẩm phù hợp với giá tiền,neutral,neutral,neutral,positive,positive
tốt đúng Hàng ok giá rẻ,positive,neutral,neutral,positive,positive
Chất lượng so với giá tiền là ok. Cần thiết kế ôm điện thoại hơn chút nữa nói chung hài lòng với sản phẩm.,positive,neutral,neutral,positive,positive
Giao hàng nhanh đóng gói cẩn thận. Ốp cứng cáp nhưng k giống như hình ảnh đăng,negative,positive,positive,neutral,positive
oke good đúng 100% Oke hàng đẹp và giao hàng nhanh nha Viết gì cho đủ,positive,neutral,positive,neutral,positive
ok ok Chất liệu nhựa mềm dẻo.cũng phù hợp gới giá tiền,positive,neutral,neutral,positive,positive
5/5 đúng nha Mới mang vào thì nhìn rõ dày nhưng mà dùng thời gian là quen à,positive,neutral,neutral,neutral,positive
"dung tốt Giao hàng nhanh, sản phẩm đúng mô tả: chất lượng phù hợp với giá tiền",positive,neutral,positive,positive,positive
Hàg chất lượng tốt giao hàg nhanh sẽ quay lại ủng hộ shoppp. Nhii,positive,neutral,positive,neutral,positive
"tuyet dung ốp đẹp lắm, dày, vừa vặn, mà còn rẻ nữa, sẽ tiếp tục ủng hộ shop",positive,neutral,neutral,positive,positive
đúng với mô tả tốt Ốp siêu đẹp luôn á nha mọi người nên mua nha. Giao hàng thân thiện,positive,neutral,positive,neutral,positive
"Ốp đẹp, cứng cáp, săn sale rẻ vãiii=))) không mua hơi tiếc mua lẹ mng ưi",negative,neutral,neutral,positive,positive
Rẻ quá tính ra thì giá đó mà mua được thì quá rẻ chất lượng ok lắm nhé,positive,neutral,neutral,positive,positive
Mẫu đẹp lắm ạ. Ship siu nhanh shipper thân thiện,positive,neutral,positive,neutral,positive
"ok tốt đúng chất luọng ê, tay đẹp tốt thân thiên vvv",positive,neutral,neutral,neutral,positive
"đúng mẫu ok Giao hàng nhanh,mẫu đẹp,giá re ,ok Sẽ ủng hộ lần sau",positive,neutral,positive,positive,positive
tốt đúng Ốp đẹp mua nhiều lần shop rồi rất ok giá cả hợp lý,positive,neutral,neutral,positive,positive
"tốt đúng với mô tả ốp đẹp, vừa vặn, cầm vừa tay, nói chung ngon bổ rẻ",positive,neutral,neutral,positive,positive
Ốp điện thoại đúng mẫu - cầm rất thích và đã thay. Đóng gói cũng rất là cận thẩn,positive,positive,neutral,neutral,positive
đúng tốt hàng về nhanh mẫu đúng trên hình,positive,neutral,neutral,neutral,positive
"đúng rất tốt ốp rất đẹp , cho shop 1000 sao luôn 😍",positive,neutral,neutral,neutral,positive
op cung giá rẻ chats liệu tốt nút phím hoei cứng giao hàng nhanh,negative,neutral,positive,positive,positive
sản phẩm tốt sài rất ok giao hàng nhanh,positive,neutral,positive,neutral,positive
"ok Đẹp như trên ảnh. Giá ok, nên mua nhé",positive,neutral,neutral,positive,positive
"Sản phẩm đúng với mô tả, ốp sạch, đẹp Màu trong suốt Sẽ ủng hộ tiếp",positive,neutral,neutral,neutral,positive
đúng tốt Mua của shop nhiều lần rồi nên ko có gì để chê cả nói chúng là ok,positive,neutral,neutral,neutral,positive
Ốp lưng đúng như mô tả nhỏ gọn đẹp .nhân viên giao hàng rất tuyệt vời,positive,neutral,positive,neutral,positive
"Sản phẩm giống mô tả, đóng gói cẩn thận , giao hàng nhanh, sẽ ủng hộ shop thời gian tới",neutral,positive,positive,neutral,positive
"ok đúng hàng xịn, giá rẻ , shop nhiệt tình. đơn giao nhanh. mn nên mua thử",positive,neutral,positive,positive,positive
chat luong san pham rat tot dung với mô tả Hàng giao nhanh. Chất lượng sản phẩm tốt,positive,neutral,positive,neutral,positive
ốp ok lắm nhé mình mua loại vuông cầm chắc tay cực kì rcm nên mua giá oklaaa,positive,neutral,neutral,positive,positive
Sản phẩm tốt đẹp trong xuất tôi sẽ quay lại làn sau mua tiếp ffff,positive,neutral,neutral,neutral,positive
"Trong tình yêu đàn bà có hai thời điểm. Một là thời điểm nói rất nhiều, hai là thời điểm im lặng không nói gì. Thời điểm đàn bà nói nhiều, chính là thời điểm đàn bà yêu sâu đậm nhất, đàn bà yêu bao nhiêu, thì nói càng nhiều bấy nhiêu. Sự quan tâm của đàn bà được thể hiện bằng lời nói. Nhưng đàn ông không hiểu, lại coi sự quan tâm của đàn bà là gò bó, coi tình yêu của họ là phiền phức. Thời điểm đàn bà nói ít và gần như im lặng chính là thời điểm họ mệt mỏi, họ bất lực và gần như thời điểm mối quan hệ gần đi đến hồi kết. Đàn bà im lặng, đôi lúc đàn ông cho rằng họ đã thêm hiểu chuyện, họ đã thôi phàn nàn và không còn phiền phức, nhưng đàn ông không hiểu, khi đàn bà trở nên an phận và kiềm chế thì chính là lúc bản thân sắp mất đi họ. Đàn bà chỉ nói, khi họ tràn đầy hi vọng và niềm tin vào tình yêu của họ. Đàn bà im lặng, khi họ kiệt sức và bất lực trước tình yêu mà họ từng hi vọng. Sự im lăng của đàn bà đồng nghĩa với việc kết thúc, đàn bà im lặng tựa như mặt biển, tưởng như êm ả lại ẩn chứa một cơn bão không tưởng chính là kết thúc. Đừng khiến đàn bà im lặng, vì khi đàn bà im lặng chính là trái tim đã tổn thương đến tột cùng. #𝙎ư𝙪 𝙏ầ𝙢 #𝙑𝙞ế𝙩𝘾𝙝𝙤𝙉𝙝ẹ𝙇ò𝙣𝙜✍️",positive,neutral,neutral,neutral,positive
"san pham ok ok Roi ok lam moi ng, giao hang nhanh, sp tot, nen mua nha",positive,neutral,positive,neutral,positive
"chuan Ốp đẹp lắm, vừa khít điện thoại, rất ưng Giao hàng nhanh Ảnh mang tính",positive,neutral,positive,neutral,positive
Chất lượng: ốp ok Bảo vệ: phần cam ko nhô lên để bảo vệ viền cam đc,positive,neutral,neutral,neutral,positive
tốt đúng Giao hàng nhanh nhỉnh củng được không biết khi nào thì ố mong được lâu ok,positive,neutral,negative,neutral,positive
dung dung Tốt nên mua ạ mik thích op trong nên mua sau sẽ ủng hộ ạ ❤️❤️❤️❤️,positive,neutral,neutral,neutral,positive
dung đẹp Shiper giao hàng nhanh nhiệt tình,positive,neutral,positive,neutral,positive
"Giao hàng nhanh , đúng mẫu ốp đẹp còn tặng kèm quà giá hợp lý",positive,neutral,positive,positive,positive
[TB] MobiFone trân trọng thông báo đến Quý khách hàng về Chính sách Bảo vệ dữ liệu cá nhân của MobiFone. Chi tiết xem tại địa chỉ https://tttb.mobifone.vn/nd-13 . Trân trọng cám ơn.,neutral,neutral,neutral,neutral,neutral
Ốp dẻo trong đẹp lắmm giá rẻ jdj jvh. Jv hc ivj hcb vgv hc hug. Hv.,positive,neutral,neutral,positive,positive
"ốp đẹp, giao hàng nhanh, viền vuông sang chảnh, biết vậy mua 10 cái 🤣",positive,neutral,positive,neutral,positive
"giao hàng nhanh , gia re , ung hộp shop lau dai",neutral,positive,positive,neutral,positive
"Giao hàng nhanh, sản phẩm như quảng cáo, giá thành rẻ, shop còn tặng quà lau màn hình nữa😁😁",neutral,neutral,positive,positive,positive
"đẹp Bảo vệ tốt, ốp đẹp, giá cả hợp lý",positive,neutral,neutral,positive,positive
"đúng với mô tả tốt Chất lượng sản phẩm tốt, giao hàng nhanh hn j",positive,neutral,positive,neutral,positive
oke Hàng đẹp. Giá lại còn rẻ nữa. Quá là tuyệt vời ko có gì để chê,positive,neutral,neutral,positive,positive
tốt giao hàng nhanh đóng gói sản phẩm chắc chắc sản phẩm rất ok,positive,positive,positive,neutral,positive
Giao hàng nhanh lắm nhé Đồ siu ưng Tư vấn nhiệt tình,positive,neutral,positive,neutral,positive
ok ok Giao hàng nhanh.ốp lưng trong giá rẻ sài cũng tạm được ..,positive,neutral,positive,positive,positive
đúng khá ok giao hàng nhanb ốp giá rẻ nên mua ship hàng nhanhhh,positive,neutral,positive,positive,positive
"Sản phẩm tốt,chất lượng cao,rất uy tín,giao hàng đúng thời hạn,sử dụng rất thoải mái",positive,neutral,positive,neutral,positive
"Sản phẩm giống mô tả, đóng gói cẩn thận giao hàng nhanh, giá hợp lý, sẽ ủng hộ shop thời gian tới",neutral,positive,positive,positive,positive
"ốp đẹp, giao hàng nhanh hình ảnh chỉ mang tính",positive,neutral,positive,neutral,positive
"Đã nhận được hàng, chất lượng oke, bọc hàng cẩn thận, giao hàng đúng dự kiến",positive,positive,positive,neutral,positive
[TB] Dung quen Ban dang co voucher MIEN PHI 5.000d khi nap dien thoai Viettel. Mo app hoac truy cap https://k,neutral,neutral,neutral,neutral,neutral
ốp lưng IPhone 12 Pro sản phẩm nhìn rất đẹp đạt yêu cầu. tốc độ giao hàng rất nhanh OK,positive,neutral,positive,neutral,positive
ok ok Ốp đẹp giao hàng nhanh đóng gói cẩn thận rẻ đẹp mà tiện giao đúng hàng,positive,positive,positive,positive,positive
tót đúng trên hình Hàng giao nhanh. Nên mua,positive,neutral,positive,neutral,positive
"dung Sản phẩm tốt, giao nhanh, hài lòng và sẽ ủng hộ thêm shop trong thời gian tới",positive,neutral,positive,neutral,positive
tốt đúng với mô tả Đẹp xịn rất oke,positive,neutral,neutral,neutral,positive
"ok đúnggg giao hàng siu nhanh,đóng gói cẩn thận,lsau sẽ ủng hộ shop",positive,positive,positive,neutral,positive
tốtt đúng hàng ok 👌 chất lượng lắm nha 🤩,positive,neutral,neutral,neutral,positive
đúng tốt Shop tặng rất nhiều giấy lau luôn mê ghê,positive,neutral,neutral,neutral,positive
"đúng tốt Giao nhanh,rẻ,ốp đẹp lắm nha mng ơi. Nên mua ạ",positive,neutral,positive,positive,positive
Giao hàng nhanh shop đóng gói cẩn thận sản phẩm phù hợp va giá tiền,neutral,positive,positive,positive,positive
"sản phẩm tốt, thời gian giao hàng cũng rất nhanh mặc dù vướng lịch nghỉ tết",positive,neutral,positive,neutral,positive
"ổn tốt Giao hàng nhanh, chất lượng tốt,",positive,neutral,positive,neutral,positive
đúng khá tốt Mua được,positive,neutral,neutral,neutral,positive
Đúng tốt Đẹp mà lại còn được tặng quà ❤️,positive,neutral,neutral,neutral,positive
"Shop đóng gói cẩn thận và giao đủ hàng, chất lượng sản phẩm tốt",positive,positive,positive,neutral,positive
Ốp đt rẻ mà rất xinh nha. Thề luôn. Mua hẳn 4 cái mà cái nào cũng ưng.,positive,neutral,neutral,positive,positive
okiii la chuẩn Hàng oki,positive,neutral,neutral,neutral,positive
"shop phục vụ tốt, thời gian giao hàng nhanh, giá cả phải chăng, ốp đẹp",positive,neutral,positive,positive,positive
dung voi mo ta chất lượng sản phẩm không biết hiao hàng nhanh kkk,neutral,neutral,neutral,neutral,neutral
"Hàng chất lượng, giao đúng hẹn, shop uy tín, cho shop 5 sao.Lần sau ủng hộ nữa.",positive,neutral,positive,neutral,positive
tot dung Ốp đẹp tặng nhiều quà nữa shop vô cực điểm Giao hàng nhanh,positive,neutral,positive,neutral,positive
tốt đung vs mô tả Shipper nhiệt tình,positive,neutral,positive,neutral,positive
đúng ok Giao hàng nhanh. Giá rẻ. Shop uy tín nha mn. Ảnh mang tc ạ,positive,neutral,positive,positive,positive
giao nhanh nhoé 2 ngày nhận đc rui ốp xih có bảo vệ cam,neutral,neutral,positive,neutral,positive
"Giao hàng nhanh, đúng sản phẩm. Sẽ tiếp tục ủng hộ thêm. Ha mang tính",positive,neutral,positive,neutral,positive
t kh biet ma dsi hàng ôk lắm giao nhanh trước giờ toàn mua lố ốp shop này,neutral,neutral,positive,neutral,positive
"Đã nhận được hàng rất nhanh. Đóng gói cẩn thận. Sản phẩm như hình quảng cáo, rất Oke nhé",positive,positive,neutral,neutral,positive
