comment,clean_comment,chat_luong,dong_goi,van_chuyen,gia_ca,pred_chat_luong,pred_dong_goi,pred_van_chuyen,pred_gia_ca
sản phẩm chắc chắn xoay mượt. giá rẻ. giao siêu nhanh,sản phẩm chắc chắn xoay mượt giá rẻ giao siêu nhanh,negative,neutral,positive,positive,positive,neutral,positive,positive
nan ô mỏng bằng sợi tóc. ô nhỏ chán,nan ô mỏng bằng sợi tóc ô nhỏ chán,negative,neutral,neutral,neutral,negative,neutral,neutral,neutral
giao nhanh date mới date xa,giao nhanh date mới date xa,positive,neutral,positive,neutral,positive,neutral,positive,neutral
vợt cong vẹo lưới không căng rẻ tiền chịu thôi. thất vọng,vợt cong vẹo lưới không căng rẻ tiền chịu thôi thất vọng,negative,negative,neutral,neutral,negative,negative,neutral,neutral
bình thường không có gì đặc biệt mua cao cấp cũng giống loại thường,bình thường không có gì đặc biệt mua cao cấp cũng giống loại thường,neutral,neutral,neutral,neutral,neutral,neutral,neutral,negative
hàng fake không có mã qr check dùng lúc đầu ổn lâu bung chỉ hết,hàng fake không có mã qr check dùng lúc đầu ổn lâu bung chỉ hết,negative,neutral,neutral,neutral,negative,neutral,neutral,neutral
chất lượng đểu mua 2 ngón giao 1 ngón,chất lượng đểu mua 2 ngón giao 1 ngón,negative,neutral,neutral,neutral,negative,neutral,neutral,neutral
2 chai dầu bị chảy rất nhiều,2 chai dầu bị chảy rất nhiều,negative,negative,neutral,neutral,negative,negative,neutral,neutral
loại tự động ok loại thủ công yếu mùi hôi gió bay luôn. tiền nào của đó,loại tự động ok loại thủ công yếu mùi hôi gió bay luôn tiền nào của đó,negative,neutral,neutral,neutral,negative,neutral,neutral,neutral
bắp mềm dẻo ngọt vừa phải ăn ngon,bắp mềm dẻo ngọt vừa phải ăn ngon,positive,neutral,neutral,neutral,positive,neutral,neutral,neutral
chất liệu nhựa không đáng tiền 800k,chất liệu nhựa không đáng tiền 800k,negative,neutral,neutral,negative,negative,neutral,neutral,negative
lỗi hư hỏng ốp xước như bị dao cứa,lỗi hư hỏng ốp xước như bị dao cứa,negative,neutral,neutral,neutral,negative,neutral,neutral,neutral
1 cây bị trầy sơn nhìn giống vợt cũ dây không căng. giao hàng chậm,1 cây bị trầy sơn nhìn giống vợt cũ dây không căng giao hàng chậm,negative,negative,negative,neutral,negative,negative,negative,neutral
giao hàng nhanh nhưng hộp hơi móp,giao hàng nhanh nhưng hộp hơi móp,negative,negative,positive,neutral,negative,negative,positive,neutral
lỗi số điện thoại chưa nhận hàng nhưng app báo đã nhận,lỗi số điện thoại chưa nhận hàng nhưng app báo đã nhận,neutral,neutral,negative,neutral,neutral,neutral,negative,neutral
ô ọp ẹp mỏng nhưng giá rẻ,ô ọp ẹp mỏng nhưng giá rẻ,negative,neutral,neutral,positive,negative,neutral,neutral,positive
"Chất lượng kém, bung chỉ",chất lượng kém bung chỉ,negative,neutral,neutral,neutral,negative,neutral,neutral,neutral
ô ngắn gọn để vừa balo nhưng bề mặt cán nhám ấn mở khó. chiều dài thân ngắn không hợp đi mưa. dùng 1 thời gian đứt dây hỏng nút,ô ngắn gọn để vừa balo nhưng bề mặt cán nhám ấn mở khó chiều dài thân ngắn không hợp đi mưa dùng 1 thời gian đứt dây hỏng nút,negative,negative,neutral,neutral,negative,neutral,neutral,neutral
hoàn tiền thì hoàn chứ keo khô dán không dính,hoàn tiền thì hoàn chứ keo khô dán không dính,negative,neutral,neutral,neutral,negative,neutral,neutral,neutral
bị xước nhưng chất ok,bị xước nhưng chất ok,negative,negative,neutral,neutral,negative,negative,neutral,neutral
hàng đẹp vải tốt mới nhận chưa dùng thử,hàng đẹp vải tốt mới nhận chưa dùng thử,positive,neutral,neutral,neutral,neutral,neutral,neutral,neutral
sim không đủ 12 tháng kiểm tra tổng đài chỉ được 11 tháng 10 ngày,sim không đủ 12 tháng kiểm tra tổng đài chỉ được 11 tháng 10 ngày,negative,neutral,neutral,neutral,negative,neutral,neutral,neutral
chất lượng tốt đúng mô tả không có sạc nhanh,chất lượng tốt đúng mô tả không có sạc nhanh,neutral,neutral,neutral,neutral,positive,neutral,neutral,neutral
"shop giao nhanh, đóng gói ok, giá rẻ",shop giao nhanh đóng gói ok giá rẻ,positive,positive,positive,positive,positive,positive,positive,positive
mua kính 12 pro max đưa 15 pro max không biết dán thế nào,mua kính 12 pro max đưa 15 pro max không biết dán thế nào,negative,neutral,neutral,neutral,negative,neutral,neutral,neutral
Tin tưởng shop mua 2 cái thì 1 cái bị bẩn,tin tưởng shop mua 2 cái thì 1 cái bị bẩn,negative,negative,neutral,neutral,negative,negative,neutral,neutral
form không giống mẫu,form không giống mẫu,negative,negative,neutral,neutral,negative,negative,neutral,neutral
đóng gói sơ xài dán cẩu thả vali bị trầy ít hàng ổn,đóng gói sơ xài dán cẩu thả vali bị trầy ít hàng ổn,negative,negative,neutral,neutral,negative,negative,neutral,neutral
Đẹp nhưng sai màu,đẹp nhưng sai màu,negative,negative,neutral,neutral,negative,negative,neutral,neutral
bút dùng tốt không vấn đề gì,bút dùng tốt không vấn đề gì,positive,neutral,neutral,neutral,negative,neutral,neutral,neutral
vali gọn bắt mắt khung gập không ổn lỏng lẻo xách lên dễ bung,vali gọn bắt mắt khung gập không ổn lỏng lẻo xách lên dễ bung,negative,negative,neutral,neutral,negative,neutral,neutral,neutral
vai trễ khó chịu,vai trễ khó chịu,negative,neutral,neutral,neutral,negative,neutral,neutral,neutral
giao hàng nhanh sữa ngọt vừa phải bé thích,giao hàng nhanh sữa ngọt vừa phải bé thích,positive,neutral,positive,neutral,positive,neutral,positive,neutral
tiện lợi cho bọn nhỏ dễ sử dụng nghe gọi tốt,tiện lợi cho bọn nhỏ dễ sử dụng nghe gọi tốt,positive,neutral,neutral,neutral,positive,neutral,neutral,neutral
Quảng cáo tặng quà nhưng thực tế thiếu quà,quảng cáo tặng quà nhưng thực tế thiếu quà,negative,negative,neutral,neutral,negative,negative,neutral,neutral
Tốt,tốt,positive,neutral,neutral,neutral,positive,neutral,neutral,neutral
cán không chắc chắn cầm chơi tuột lớp quấn,cán không chắc chắn cầm chơi tuột lớp quấn,negative,neutral,neutral,neutral,negative,neutral,neutral,neutral
gửi hàng kẹp 2 miếng bìa cường lực bể vỡ. nhắn tin không phản hồi,gửi hàng kẹp 2 miếng bìa cường lực bể vỡ nhắn tin không phản hồi,negative,negative,neutral,neutral,negative,neutral,neutral,neutral
dây dài lộ mút,dây dài lộ mút,negative,neutral,neutral,neutral,negative,neutral,neutral,neutral
vali không kín giá cao hơn bán ở chợ,vali không kín giá cao hơn bán ở chợ,negative,neutral,neutral,negative,neutral,neutral,neutral,negative
đổi bao bì mới đóng gói cẩn thận bé tăng cân,đổi bao bì mới đóng gói cẩn thận bé tăng cân,negative,positive,neutral,neutral,positive,positive,neutral,neutral
vợt bình thường vì giá rẻ nhưng cầu là cầu nhựa,vợt bình thường vì giá rẻ nhưng cầu là cầu nhựa,negative,neutral,neutral,positive,negative,negative,neutral,positive
giá rẻ nhưng mút cứng,giá rẻ nhưng mút cứng,negative,neutral,neutral,positive,negative,neutral,neutral,negative
giao hàng không sạc pin sẵn,giao hàng không sạc pin sẵn,negative,neutral,neutral,neutral,neutral,neutral,negative,neutral
chuẩn bị hàng và giao nhanh. đóng gói cẩn thận. đúng mô tả,chuẩn bị hàng và giao nhanh đóng gói cẩn thận đúng mô tả,positive,positive,positive,neutral,positive,positive,positive,neutral
chất lượng ok đúng mô tả nên mua nha mọi người,chất lượng ok đúng mô tả nên mua nha mọi người,positive,neutral,neutral,neutral,positive,neutral,neutral,neutral
Thiết kế lỗi,thiết kế lỗi,negative,neutral,neutral,neutral,negative,neutral,neutral,neutral
hương vị thơm ngon dễ uống hộp chắc chắn tiện dùng,hương vị thơm ngon dễ uống hộp chắc chắn tiện dùng,negative,positive,neutral,neutral,negative,neutral,neutral,neutral
"Tuyệt vời, giá hợp lý",tuyệt vời giá hợp lý,positive,neutral,neutral,positive,positive,neutral,neutral,positive
bình luận tiếng anh về việc không chọn được màu,bình luận tiếng anh về việc không chọn được màu,neutral,neutral,neutral,neutral,neutral,neutral,neutral,neutral
sim lỗi nhắn tin shop không giải quyết không có 3g sài tức thật,sim lỗi nhắn tin shop không giải quyết không có 3g sài tức thật,negative,neutral,neutral,neutral,negative,neutral,neutral,neutral
đóng gói cẩn thận kĩ càng. giao hàng nhanh chóng. chân gậy hơi yếu,đóng gói cẩn thận kĩ càng giao hàng nhanh chóng chân gậy hơi yếu,negative,positive,positive,neutral,positive,positive,positive,neutral
giao hàng nhanh đầy đủ có tặng thêm. ngòi hơi bẩn,giao hàng nhanh đầy đủ có tặng thêm ngòi hơi bẩn,negative,positive,positive,neutral,negative,negative,positive,neutral
chất lượng tốt chơi game mượt,chất lượng tốt chơi game mượt,positive,neutral,neutral,neutral,positive,neutral,neutral,neutral
dùng tháng đầu thấy cũng ok đúng mô tả thời gian sau chưa biết,dùng tháng đầu thấy cũng ok đúng mô tả thời gian sau chưa biết,neutral,neutral,neutral,neutral,neutral,neutral,neutral,neutral
giao nhanh đóng gói cẩn thận. chất liệu bóng không đẹp giá rẻ,giao nhanh đóng gói cẩn thận chất liệu bóng không đẹp giá rẻ,positive,positive,positive,positive,positive,positive,positive,positive
có 4g 1 tháng hết 4g không đọc báo được luôn. mất 230k cay thật,có 4g 1 tháng hết 4g không đọc báo được luôn mất 230k cay thật,negative,neutral,neutral,negative,negative,neutral,neutral,neutral
mở ra miếng dán đã vỡ tan mặc dù bọc không ít xốp,mở ra miếng dán đã vỡ tan mặc dù bọc không ít xốp,negative,positive,neutral,neutral,negative,negative,neutral,neutral
không đúng mô tả viền camera to trông thô kinh,không đúng mô tả viền camera to trông thô kinh,negative,neutral,neutral,neutral,negative,negative,neutral,neutral
"Form xấu, vải nóng",form xấu vải nóng,negative,neutral,neutral,neutral,negative,neutral,neutral,neutral
lừa đảo lắp sim xài được mấy tuần là hết xài được mà ghi xài 1 năm,lừa đảo lắp sim xài được mấy tuần là hết xài được mà ghi xài 1 năm,negative,neutral,neutral,neutral,negative,neutral,neutral,neutral
mau hư hơn loại khác dùng 3 ngày sứt chỉ ngày 4 hết nhạy vứt đi. shop tốt shipper nhiệt tình,mau hư hơn loại khác dùng 3 ngày sứt chỉ ngày 4 hết nhạy vứt đi shop tốt người giao hàng nhiệt tình,negative,neutral,positive,neutral,positive,neutral,negative,neutral
ghi 24 xương nhưng hóa ra loại 8 xương giá rẻ mà không ghi rõ,ghi 24 xương nhưng hóa ra loại 8 xương giá rẻ mà không ghi rõ,positive,neutral,neutral,positive,negative,neutral,neutral,positive
chất lượng như lồn không dán được vào cam không nên mua phí tiền,chất lượng như lồn không dán được vào cam không nên mua phí tiền,negative,neutral,neutral,negative,negative,neutral,neutral,negative
sữa thơm béo ít ngọt bao bì chắc chắn giá vừa phải,sữa thơm béo ít ngọt bao bì chắc chắn giá vừa phải,negative,positive,neutral,positive,positive,positive,neutral,neutral
"Không có đâu :))), Shop gian lận lượt đánh giá",không có đâu shop gian lận lượt đánh giá,negative,neutral,neutral,neutral,neutral,neutral,neutral,negative
chất lượng kém gửi ốp cũ cắt vẹt nham nhở,chất lượng kém gửi ốp cũ cắt vẹt nham nhở,negative,neutral,neutral,neutral,negative,neutral,neutral,neutral
tập lớn bìa dày viết thoải mái. giấy mỏng dễ lem. đủ số lượng giao nhanh,tập lớn bìa dày viết thoải mái giấy mỏng dễ lem đủ số lượng giao nhanh,negative,positive,positive,neutral,positive,neutral,positive,neutral
bút săn rẻ vô cùng ưng ý,bút săn rẻ vô cùng ưng ý,positive,neutral,neutral,positive,positive,neutral,neutral,positive
giao hàng rất nhanh dùng ổn chất cotton thấm hút tốt mua lần 2,giao hàng rất nhanh dùng ổn chất cotton thấm hút tốt mua lần 2,positive,neutral,positive,neutral,positive,neutral,positive,neutral
Tốt nhưng cọ lỗi + mùi,tốt nhưng cọ lỗi mùi,negative,neutral,neutral,neutral,negative,neutral,neutral,neutral
hơi nhỏ,hơi nhỏ,negative,neutral,neutral,neutral,negative,neutral,neutral,neutral
sản phẩm thấm hút tốt vải thoáng khí mặc không bị hăm đã mua thêm,sản phẩm thấm hút tốt vải thoáng khí mặc không bị hăm đã mua thêm,positive,neutral,neutral,neutral,positive,neutral,neutral,neutral
"thiết kế tinh tế, hiệu suất tốt",thiết kế tinh tế hiệu suất tốt,negative,neutral,neutral,neutral,positive,neutral,neutral,neutral
"May ẩu, lỗi vải",may ẩu lỗi vải,negative,neutral,neutral,neutral,negative,neutral,neutral,neutral
"sữa thơm ngon, không quá ngọt",sữa thơm ngon không quá ngọt,positive,negative,neutral,neutral,positive,negative,neutral,neutral
vở viết mượt. mua rẻ hơn hiệu sách,vở viết mượt mua rẻ hơn hiệu sách,positive,neutral,neutral,positive,positive,neutral,neutral,positive
vải lông thấm hút xọc xạch phải chịu khó để ý thay tả liền không hăm tả. giao đúng mẫu khá nhanh,vải lông thấm hút xọc xạch phải chịu khó để ý thay tả liền không hăm tả giao đúng mẫu khá nhanh,negative,neutral,positive,neutral,positive,neutral,neutral,neutral
không dán được do keo khô hoặc ít keo,không dán được do keo khô hoặc ít keo,negative,neutral,neutral,neutral,negative,neutral,neutral,neutral
sản phẩm rẻ đẹp dùng tiện. kê điện thoại chắc chắn,sản phẩm rẻ đẹp dùng tiện kê điện thoại chắc chắn,negative,neutral,neutral,positive,negative,neutral,neutral,neutral
"Size sai, form lỗi",size sai form lỗi,negative,negative,neutral,neutral,negative,negative,neutral,neutral
quá tệ chất lượng không xứng tiền hình in bong tróc te tua giao 1 cái mới 1 cái cũ đã qua sử dụng,quá tệ chất lượng không xứng tiền hình in bong tróc te tua giao 1 cái mới 1 cái cũ đã qua sử dụng,negative,neutral,neutral,negative,negative,neutral,neutral,neutral
thảm cũng được nhưng túi rách nhỏ khó bỏ thảm,thảm cũng được nhưng túi rách nhỏ khó bỏ thảm,negative,negative,neutral,neutral,negative,negative,neutral,neutral
xấu cứng làm hỏng điện thoại không nên mua,xấu cứng làm hỏng điện thoại không nên mua,negative,neutral,neutral,neutral,negative,neutral,neutral,neutral
không lắp được vào máy nhắn shop không giải quyết chất lượng kém,không lắp được vào máy nhắn shop không giải quyết chất lượng kém,negative,neutral,neutral,neutral,negative,neutral,neutral,neutral
tốc độ 4g tệ. hỏi shop thì bảo tự đến cửa hàng để hỏi,tốc độ 4g tệ hỏi shop thì bảo tự đến cửa hàng để hỏi,negative,neutral,neutral,neutral,negative,neutral,neutral,neutral
"In hình rõ, một số vải hơi khô nhưng giá ok",in hình rõ một số vải hơi khô nhưng giá ok,positive,neutral,neutral,positive,negative,neutral,neutral,positive
"giá cả phải chăng, shipper nhiệt tình",giá cả phải chăng người giao hàng nhiệt tình,positive,neutral,positive,positive,positive,neutral,positive,positive
"ít đường vị thơm béo nhẹ, giao nhanh",ít đường vị thơm béo nhẹ giao nhanh,positive,neutral,positive,neutral,positive,neutral,positive,neutral
rất hài lòng với sản phẩm và dịch vụ. chắc chắn quay lại mua sắm. đã mua nhiều lần rất ưng ý,rất hài lòng với sản phẩm và dịch vụ chắc chắn quay lại mua sắm đã mua nhiều lần rất ưng ý,positive,neutral,neutral,neutral,positive,neutral,neutral,neutral
giao hàng nhanh vải mềm mịn giá sale rẻ nên mua,giao hàng nhanh vải mềm mịn giá sale rẻ nên mua,positive,neutral,positive,positive,positive,neutral,positive,positive
Khung lệch,khung lệch,negative,neutral,neutral,neutral,negative,neutral,neutral,neutral
Đóng gói kém gây đổ hàng,đóng gói kém gây đổ hàng,negative,negative,neutral,neutral,negative,negative,neutral,neutral
mút nhăn,mút nhăn,negative,neutral,neutral,neutral,negative,neutral,neutral,neutral
vở rất đẹp. gói hàng cẩn thận. giao nhanh đầy đủ. giá rẻ,vở rất đẹp gói hàng cẩn thận giao nhanh đầy đủ giá rẻ,positive,positive,positive,positive,positive,positive,positive,positive
quần đẹp y hình chọn ngẫu nhiên giao toàn màu đẹp,quần đẹp y hình chọn ngẫu nhiên giao toàn màu đẹp,positive,neutral,neutral,neutral,positive,neutral,neutral,neutral
nghe to rõ gọi video rất ok rất ưng. sẽ tậu cái nữa shop nhiệt tình hướng dẫn,nghe to rõ gọi video rất ok rất ưng sẽ tậu cái nữa shop nhiệt tình hướng dẫn,positive,neutral,neutral,neutral,positive,neutral,neutral,neutral
không đẹp tạm chấp nhận,không đẹp tạm chấp nhận,positive,neutral,neutral,neutral,negative,neutral,neutral,neutral
Đẹp nhưng đóng gói nát,đẹp nhưng đóng gói nát,negative,negative,neutral,neutral,negative,negative,neutral,neutral
màn hình ok giao hàng khá nhanh sản phẩm đúng mô tả. phù hợp giá tiền hi vọng sản phẩm bền bảo hành 12 tháng,màn hình ok giao hàng khá nhanh sản phẩm đúng mô tả phù hợp giá tiền hi vọng sản phẩm bền bảo hành 12 tháng,positive,neutral,positive,positive,positive,neutral,positive,positive
bé chịu uống vị ngọt vừa không quá gắt,bé chịu uống vị ngọt vừa không quá gắt,positive,negative,neutral,neutral,positive,neutral,neutral,neutral
hỗ trợ đổi hàng nhiệt tình nhưng thảm đổi vẫn in lỗi. hàng rẻ kiểm hàng kém tâm,hỗ trợ đổi hàng nhiệt tình nhưng thảm đổi vẫn in lỗi hàng rẻ kiểm hàng kém tâm,negative,neutral,neutral,positive,negative,neutral,neutral,neutral
loa đẹp. âm thanh ổn. giá hợp lý,loa đẹp âm thanh ổn giá hợp lý,positive,neutral,neutral,positive,positive,neutral,neutral,positive
"Hàng giao nhanh, chưa dùng nên chưa biết chất lượng, giá rẻ hơn siêu thị",hàng giao nhanh chưa dùng nên chưa biết chất lượng giá rẻ hơn siêu thị,neutral,neutral,positive,positive,neutral,neutral,positive,positive
mỏng cứng không mềm dẻo không chịu va đập,mỏng cứng không mềm dẻo không chịu va đập,negative,neutral,neutral,neutral,negative,neutral,neutral,neutral
đặt 2 đôi trả tiền 2 đôi giao có 1,đặt 2 đôi trả tiền 2 đôi giao có 1,negative,neutral,neutral,neutral,negative,neutral,neutral,neutral
"Đẹp, giá rẻ, giao nhanh",đẹp giá rẻ giao nhanh,positive,neutral,positive,positive,positive,neutral,positive,positive
"shop giao hàng nhanh, chất lượng ok",shop giao hàng nhanh chất lượng ok,positive,neutral,positive,neutral,positive,neutral,positive,neutral
nhiều chỉ thừa form rộng,nhiều chỉ thừa form rộng,negative,neutral,neutral,neutral,negative,neutral,neutral,neutral
Màu nhanh khô,màu nhanh khô,positive,neutral,neutral,neutral,negative,neutral,neutral,neutral
giao hàng cũ bị trầy xước nhiều,giao hàng cũ bị trầy xước nhiều,negative,negative,neutral,neutral,negative,negative,negative,neutral
vải cotton mềm tốt mặc được 1-2 lần,vải cotton mềm tốt mặc được 1 2 lần,positive,neutral,neutral,neutral,positive,neutral,neutral,neutral
trơn nếu có mồ hôi nhận bị lỗi,trơn nếu có mồ hôi nhận bị lỗi,negative,negative,neutral,neutral,negative,neutral,neutral,neutral
thảm rộng hơi trượt 1 xíu. bị lủng 1 chỗ,thảm rộng hơi trượt 1 xíu bị lủng 1 chỗ,negative,neutral,neutral,neutral,negative,negative,neutral,neutral
vải nóng lộ mút,vải nóng lộ mút,negative,neutral,neutral,neutral,negative,neutral,neutral,neutral
chất lượng ngon bổ rẻ đúng mô tả. shop giao đơn nhanh đóng gói chu đáo sản phẩm chất lượng giá cả hợp lý,chất lượng ngon bổ rẻ đúng mô tả shop giao đơn nhanh đóng gói chu đáo sản phẩm chất lượng giá cả hợp lý,positive,positive,positive,positive,positive,positive,positive,positive
sản phẩm tệ chưa từng thấy lắp phát gãy mắt cam xong sơn bong,sản phẩm tệ chưa từng thấy lắp phát gãy mắt cam xong sơn bong,negative,neutral,neutral,neutral,negative,neutral,neutral,neutral
ốp cứng tháo ra làm hỏng miếng dán ppf trên điện thoại,ốp cứng tháo ra làm hỏng miếng dán ppf trên điện thoại,negative,neutral,neutral,neutral,negative,neutral,neutral,neutral
giao nhanh đóng gói tốt màu đẹp. túi nhỏ nhét cực. thảm gãy gập nhiều lỗ li ti. không mua lại,giao nhanh đóng gói tốt màu đẹp túi nhỏ nhét cực thảm gãy gập nhiều lỗ li ti không mua lại,negative,negative,positive,neutral,positive,negative,positive,neutral
đặt màu xanh than giao màu đỏ. thảm bị bung,đặt màu xanh than giao màu đỏ thảm bị bung,negative,negative,neutral,neutral,negative,negative,neutral,neutral
vải dù mỏng dễ rách dễ hư,vải dù mỏng dễ rách dễ hư,negative,negative,neutral,neutral,negative,neutral,neutral,neutral
"Quần co giãn thoải mái, đóng gói cẩn thận, giao đúng size",quần co giãn thoải mái đóng gói cẩn thận giao đúng size,positive,positive,neutral,neutral,positive,positive,neutral,neutral
"đóng gói kỹ, giao tương đối nhanh",đóng gói kỹ giao tương đối nhanh,negative,positive,positive,neutral,positive,positive,positive,neutral
chất lượng vượt mong đợi thiết kế đẹp chất liệu chắc chắn,chất lượng vượt mong đợi thiết kế đẹp chất liệu chắc chắn,negative,neutral,neutral,neutral,negative,neutral,neutral,neutral
gậy chụp hình dùng tốt đi chơi 2 chuyến. bluetooth bị hư không kết nối được nhưng chất lượng gậy ok chắc chắn đi du lịch tốt,gậy chụp hình dùng tốt đi chơi 2 chuyến bluetooth bị hư không kết nối được nhưng chất lượng gậy ok chắc chắn đi du lịch tốt,negative,neutral,neutral,neutral,negative,neutral,neutral,neutral
sữa chính hãng chất lượng tốt săn giá rẻ bé uống hợp,sữa chính hãng chất lượng tốt săn giá rẻ bé uống hợp,positive,neutral,neutral,positive,positive,neutral,neutral,positive
mùi khó chịu,mùi khó chịu,negative,neutral,neutral,neutral,negative,neutral,neutral,neutral
shop đóng hàng nhanh kỹ sữa thơm ngon ít ngọt,shop đóng hàng nhanh kỹ sữa thơm ngon ít ngọt,positive,positive,neutral,neutral,positive,neutral,positive,neutral
hàng lỗi. lừa đảo. shop không hỗ trợ,hàng lỗi lừa đảo shop không hỗ trợ,negative,neutral,neutral,neutral,negative,neutral,neutral,neutral
không tốt như suy nghĩ đeo không thích hối hận khi mua,không tốt như suy nghĩ đeo không thích hối hận khi mua,negative,neutral,neutral,neutral,negative,neutral,neutral,neutral
"Sản phẩm: Hàng lỗi hoặc bị hư hỏng, Sản phẩm chất lượng kém",sản phẩm hàng lỗi hoặc bị hư hỏng sản phẩm chất lượng kém,negative,neutral,neutral,neutral,negative,neutral,neutral,neutral
quá dỏm so với tưởng tượng 1 ngày vô bụi đụng nhẹ rớt,quá dỏm so với tưởng tượng 1 ngày vô bụi đụng nhẹ rớt,negative,neutral,neutral,neutral,negative,neutral,neutral,neutral
chất lượng ok. giá rẻ. giao hàng nhanh,chất lượng ok giá rẻ giao hàng nhanh,positive,neutral,positive,positive,positive,neutral,positive,positive
sim 1 năm xài được 1 ngày hết hạn nhờ xử lý không hỗ trợ bắt gọi chụp ảnh,sim 1 năm xài được 1 ngày hết hạn nhờ xử lý không hỗ trợ bắt gọi chụp ảnh,negative,neutral,neutral,neutral,negative,neutral,neutral,neutral
bung chỉ nhiều,bung chỉ nhiều,negative,neutral,neutral,neutral,negative,neutral,neutral,neutral
nhận hàng màn hình đã bể kêu đổi thì bắt qua clip này nọ đừng mua shop này,nhận hàng màn hình đã bể kêu đổi thì bắt qua clip này nọ đừng mua shop này,negative,neutral,neutral,neutral,negative,neutral,neutral,neutral
cứng cáp chắc chắn. giao hàng siêu nhanh,cứng cáp chắc chắn giao hàng siêu nhanh,negative,neutral,positive,neutral,positive,neutral,positive,neutral
đen đẹp trắng lộ mút,đen đẹp trắng lộ mút,negative,neutral,neutral,neutral,negative,neutral,neutral,neutral
chất lượng tốt. dày dặn,chất lượng tốt dày dặn,positive,neutral,neutral,neutral,positive,neutral,neutral,neutral
siêu mỏng nhựa cứng chật tháo lắp khó. rơi chắc bể cả điện thoại,siêu mỏng nhựa cứng chật tháo lắp khó rơi chắc bể cả điện thoại,negative,neutral,neutral,neutral,negative,neutral,neutral,neutral
Nắp chai bị xoay làm chảy xà bông,nắp chai bị xoay làm chảy xà bông,negative,negative,neutral,neutral,negative,negative,neutral,neutral
chất liệu tốt mùi thơm không giống loại nhựa rẻ. sản phẩm tiện cho các bé âm thanh tốt,chất liệu tốt mùi thơm không giống loại nhựa rẻ sản phẩm tiện cho các bé âm thanh tốt,positive,neutral,neutral,positive,positive,neutral,neutral,neutral
chăm sóc khách hàng chu đáo tận tình. chắc chắn quay lại mua sắm. sản phẩm tuyệt vời chất lượng tốt giao hàng nhanh,chăm sóc khách hàng chu đáo tận tình chắc chắn quay lại mua sắm sản phẩm tuyệt vời chất lượng tốt giao hàng nhanh,positive,neutral,positive,neutral,positive,neutral,positive,neutral
đóng gói tốt giao hàng nhanh giá rẻ. viết tốt đúng quảng cáo,đóng gói tốt giao hàng nhanh giá rẻ viết tốt đúng quảng cáo,positive,positive,positive,positive,positive,positive,positive,positive
"Giao chậm, đóng gói ẩu làm vỡ nắp",giao chậm đóng gói ẩu làm vỡ nắp,negative,negative,negative,neutral,negative,negative,negative,neutral
chất lượng tốt dùng thích giấy trắng đều đẹp mịn,chất lượng tốt dùng thích giấy trắng đều đẹp mịn,negative,neutral,neutral,neutral,positive,neutral,neutral,neutral
rất hài lòng với trải nghiệm mua sắm tại shop. giao hàng nhanh chóng nhân viên nhiệt tình. shop tư vấn hỗ trợ khách hàng tốt,rất hài lòng với trải nghiệm mua sắm tại shop giao hàng nhanh chóng nhân viên nhiệt tình shop tư vấn hỗ trợ khách hàng tốt,positive,neutral,positive,neutral,positive,neutral,positive,neutral
sản phẩm tốt ổn áp trong tầm giá giá vô cùng rẻ. shop hỗ trợ tư vấn rất tận tình,sản phẩm tốt ổn áp trong tầm giá giá vô cùng rẻ shop hỗ trợ tư vấn rất tận tình,positive,neutral,neutral,positive,positive,neutral,neutral,positive
vải bí size không chuẩn,vải bí size không chuẩn,negative,neutral,neutral,neutral,negative,neutral,neutral,neutral
bình luận nhầm sản phẩm sang dép. đóng gói kĩ,bình luận nhầm sản phẩm sang dép đóng gói kĩ,neutral,positive,neutral,neutral,neutral,positive,neutral,neutral
ít ngọt đỡ đầy bụng hãng uy tín,ít ngọt đỡ đầy bụng hãng uy tín,positive,neutral,neutral,neutral,positive,neutral,neutral,neutral
gói hàng tốt đóng túi zip từng cái giao nhanh,gói hàng tốt đóng túi zip từng cái giao nhanh,neutral,positive,positive,neutral,positive,positive,positive,neutral
sản phẩm chất lượng tốt,sản phẩm chất lượng tốt,positive,neutral,neutral,neutral,positive,neutral,neutral,neutral
"Áo mặc mát, form cũng đc",áo mặc mát form cũng được,positive,neutral,neutral,neutral,negative,neutral,neutral,neutral
ok chất vải,ok chất vải,positive,neutral,neutral,neutral,positive,neutral,neutral,neutral
hàng đóng gói quá sơ sài cường lực kẹp vào giữa bìa carton mở ra vỡ vụn săn giá 1k không đổi trả,hàng đóng gói quá sơ sài cường lực kẹp vào giữa bìa carton mở ra vỡ vụn săn giá 1k không đổi trả,negative,negative,neutral,positive,negative,negative,neutral,positive
chất lượng quá tệ không đúng mô tả ốp không có keo toàn bị rơi shop khác tốt hơn vạn lần,chất lượng quá tệ không đúng mô tả ốp không có keo toàn bị rơi shop khác tốt hơn vạn lần,negative,neutral,neutral,neutral,negative,negative,neutral,neutral
hàng hở keo rớt kính mắt cam kém chất lượng,hàng hở keo rớt kính mắt cam kém chất lượng,negative,neutral,neutral,neutral,negative,neutral,neutral,neutral
chất lượng sản phẩm tốt cảm ơn shop. sẽ mua thêm,chất lượng sản phẩm tốt cảm ơn shop sẽ mua thêm,positive,neutral,neutral,neutral,positive,neutral,neutral,neutral
đặt màu đen giao màu xanh,đặt màu đen giao màu xanh,negative,negative,neutral,neutral,negative,negative,neutral,neutral
sữa hỗ trợ tăng chiều cao cho bé nhẹ cân,sữa hỗ trợ tăng chiều cao cho bé nhẹ cân,positive,neutral,neutral,neutral,positive,neutral,neutral,neutral
bao tay dày dí sát cũng không vuốt được màn hình,bao tay dày dí sát cũng không vuốt được màn hình,negative,neutral,neutral,neutral,negative,neutral,neutral,neutral
vali tốt nhưng ổ khóa không cho khóa khá kì,vali tốt nhưng ổ khóa không cho khóa khá kì,positive,neutral,neutral,neutral,negative,neutral,neutral,neutral
vali đẹp nhẹ gọn bị móp 3 chỗ,vali đẹp nhẹ gọn bị móp 3 chỗ,negative,negative,neutral,neutral,negative,negative,neutral,neutral
đặt hỏa tốc 2 ngày mới nhận. vali trầy xước nhiều,đặt hỏa tốc 2 ngày mới nhận vali trầy xước nhiều,negative,negative,negative,neutral,negative,negative,negative,neutral
đẹp không lỗi. đóng gói kĩ. giao nhanh,đẹp không lỗi đóng gói kĩ giao nhanh,negative,positive,positive,neutral,negative,positive,positive,neutral
sản phẩm chất lượng cao. giá rẻ nhất. khá tốt,sản phẩm chất lượng cao giá rẻ nhất khá tốt,positive,neutral,neutral,positive,positive,neutral,neutral,positive
vở giấy chất lượng. đóng gói rất kĩ. giá thành vừa phải,vở giấy chất lượng đóng gói rất kĩ giá thành vừa phải,positive,positive,neutral,positive,positive,positive,neutral,positive
shop mall giao thiếu đồ,shop mall giao thiếu đồ,negative,negative,neutral,neutral,negative,negative,neutral,neutral
"Màu không giống, mùi hôi",màu không giống mùi hôi,negative,negative,neutral,neutral,negative,negative,neutral,neutral
chất lượng sản phẩm tốt đúng mô tả,chất lượng sản phẩm tốt đúng mô tả,positive,neutral,neutral,neutral,positive,positive,neutral,neutral
giao hàng nhanh shipper thân thiện. không phù hợp giá tiền. chưa gắn điện thoại vô đã gãy cây đứng yếu không đáng mua,giao hàng nhanh người giao hàng thân thiện không phù hợp giá tiền chưa gắn điện thoại vô đã gãy cây đứng yếu không đáng mua,negative,neutral,positive,negative,positive,neutral,positive,positive
giao cường lực bị bể vỡ từ trước chứ không phải bên giao hàng làm ăn không có tâm,giao cường lực bị bể vỡ từ trước chứ không phải bên giao hàng làm ăn không có tâm,negative,neutral,neutral,neutral,negative,neutral,negative,neutral
"Thun mềm mát, giao đúng size đúng mẫu",thun mềm mát giao đúng size đúng mẫu,positive,positive,neutral,neutral,positive,positive,neutral,neutral
form camera lệch. không như mô tả,form camera lệch không như mô tả,negative,neutral,neutral,neutral,negative,neutral,neutral,neutral
hàng xịn xò cứng cáp chắc chắn remote chụp hình quay phim siêu nhạy. lần đầu mua thấy ưng ý hôm trước đặt hôm sau giao liền 5 sao,hàng xịn xò cứng cáp chắc chắn remote chụp hình quay phim siêu nhạy lần đầu mua thấy ưng ý hôm trước đặt hôm sau giao liền 5 sao,positive,neutral,positive,neutral,neutral,neutral,neutral,neutral
"Vải cotton pha mát, mặc thoải mái",vải cotton pha mát mặc thoải mái,positive,neutral,neutral,neutral,positive,neutral,neutral,neutral
vợt cầm nhẹ tay ổn nhưng túi đựng rách bẩn,vợt cầm nhẹ tay ổn nhưng túi đựng rách bẩn,negative,negative,neutral,neutral,negative,negative,neutral,neutral
sản phẩm vượt mong đợi,sản phẩm vượt mong đợi,negative,neutral,neutral,neutral,negative,neutral,neutral,neutral
rất hài lòng với sản phẩm và dịch vụ trải nghiệm mua sắm. chăm sóc khách hàng chu đáo tận tình,rất hài lòng với sản phẩm và dịch vụ trải nghiệm mua sắm chăm sóc khách hàng chu đáo tận tình,positive,neutral,neutral,neutral,positive,neutral,neutral,neutral
màu đen. đúng mô tả. chất liệu vải túi hơi to,màu đen đúng mô tả chất liệu vải túi hơi to,positive,positive,neutral,neutral,negative,negative,neutral,neutral
chất lượng tốt sản phẩm rất ok thời gian giao hàng nhanh chóng giá tiền hợp lý nên mua,chất lượng tốt sản phẩm rất ok thời gian giao hàng nhanh chóng giá tiền hợp lý nên mua,positive,neutral,positive,positive,positive,neutral,positive,positive
dung lượng 30000mah vừa đẹp giá tốt,dung lượng 30mah vừa đẹp giá tốt,positive,neutral,neutral,positive,positive,neutral,neutral,positive
bé hợp khẩu vị rất thích,bé hợp khẩu vị rất thích,positive,neutral,neutral,neutral,positive,neutral,neutral,neutral
Nắp chai bật ra và chảy dầu,nắp chai bật ra và chảy dầu,negative,neutral,neutral,neutral,negative,negative,neutral,neutral
không nhận hàng,không nhận hàng,negative,neutral,negative,neutral,negative,neutral,negative,neutral
giao hàng cũ,giao hàng cũ,negative,negative,neutral,neutral,positive,neutral,negative,neutral
mua 2 cái cường lực 1 cái bị gãy ngang nhắn tin phản hồi rất lâu đòi video,mua 2 cái cường lực 1 cái bị gãy ngang nhắn tin phản hồi rất lâu đòi video,negative,neutral,neutral,neutral,negative,neutral,neutral,neutral
chắc chắn để ngang dọc đều được. có đệm chống trượt máy,chắc chắn để ngang dọc đều được có đệm chống trượt máy,negative,neutral,neutral,neutral,negative,neutral,neutral,neutral
giao hàng nhanh đóng gói cẩn thận. nghe gọi video định vị ổn cảm ứng mượt mà. shop tư vấn nhanh nên mua,giao hàng nhanh đóng gói cẩn thận nghe gọi video định vị ổn cảm ứng mượt mà shop tư vấn nhanh nên mua,positive,positive,positive,neutral,positive,positive,positive,neutral
canh sale mua rẻ được tặng quà nhưng quà nhỏ không đẹp,canh sale mua rẻ được tặng quà nhưng quà nhỏ không đẹp,negative,negative,neutral,positive,negative,negative,neutral,positive
"Đóng gói tốt, giao nhanh",đóng gói tốt giao nhanh,positive,positive,positive,neutral,positive,positive,positive,neutral
shop không che thông tin,shop không che thông tin,negative,neutral,neutral,neutral,neutral,neutral,neutral,neutral
chất liệu mềm. không chống xước,chất liệu mềm không chống xước,negative,neutral,neutral,neutral,negative,negative,neutral,neutral
vải mặc thoáng mát dày dặn. shop rất nhiệt tình đáp ứng yêu cầu mua lần 2 ổn,vải mặc thoáng mát dày dặn shop rất nhiệt tình đáp ứng yêu cầu mua lần 2 ổn,positive,neutral,neutral,neutral,positive,neutral,neutral,neutral
"Giao nhanh, đóng gói ok",giao nhanh đóng gói ok,positive,positive,positive,neutral,positive,positive,positive,neutral
màu sắc ok đẹp,màu sắc ok đẹp,positive,neutral,neutral,neutral,positive,neutral,neutral,neutral
chất lượng tốt,chất lượng tốt,positive,neutral,neutral,neutral,positive,neutral,neutral,neutral
đặt một kiểu giao một kiểu chất lượng vẫn thế,đặt một kiểu giao một kiểu chất lượng vẫn thế,negative,negative,neutral,neutral,negative,neutral,neutral,neutral
Dây áo mặc bị tuột miếng mút mỏng may lỏng,dây áo mặc bị tuột miếng mút mỏng may lỏng,negative,neutral,neutral,neutral,negative,neutral,neutral,neutral
cảm quan tốt dễ sử dụng đúng quảng cáo giao hàng nhanh. độ bền phải kiểm nghiệm,cảm quan tốt dễ sử dụng đúng quảng cáo giao hàng nhanh độ bền phải kiểm nghiệm,positive,neutral,positive,neutral,positive,neutral,positive,neutral
Có mẫu dày dặn nhưng cũng có mẫu mỏng dễ lộ,có mẫu dày dặn nhưng cũng có mẫu mỏng dễ lộ,negative,neutral,neutral,neutral,negative,neutral,neutral,neutral
không nên mua về phải nộp thêm 220k mới dùng được lừa đảo nói miễn phí 1 năm,không nên mua về phải nộp thêm 220k mới dùng được lừa đảo nói miễn phí 1 năm,negative,neutral,neutral,negative,negative,neutral,neutral,neutral
Sản phẩm: Sản phẩm không như mô tả Sản phẩm ko giống hình,sản phẩm sản phẩm không như mô tả sản phẩm không giống hình,negative,negative,neutral,neutral,negative,neutral,neutral,neutral
Màu tối hơn ảnh,màu tối hơn ảnh,negative,negative,neutral,neutral,negative,neutral,neutral,neutral
vali xước góc bo viền bung. không hài lòng trải nghiệm,vali xước góc bo viền bung không hài lòng trải nghiệm,negative,negative,neutral,neutral,negative,negative,neutral,neutral
"shop giao hàng nhanh, tư vấn nhiệt tình",shop giao hàng nhanh tư vấn nhiệt tình,positive,neutral,positive,neutral,positive,neutral,positive,neutral
sữa thơm ngon giúp bé phát triển chiều cao cân nặng,sữa thơm ngon giúp bé phát triển chiều cao cân nặng,positive,neutral,neutral,neutral,positive,neutral,neutral,neutral
mua hàng nhiều lần rất ưng ý. sản phẩm rất tốt đúng quảng cáo chất lượng tuyệt vời. shop tư vấn nhiệt tình,mua hàng nhiều lần rất ưng ý sản phẩm rất tốt đúng quảng cáo chất lượng tuyệt vời shop tư vấn nhiệt tình,positive,neutral,neutral,neutral,positive,neutral,neutral,neutral
chịu lực thăng bằng tốt. xoay 360 độ. đóng gói cẩn thận. giao nhanh. giá hạt dẻ,chịu lực thăng bằng tốt xoay 360 độ đóng gói cẩn thận giao nhanh giá hạt dẻ,positive,positive,positive,neutral,positive,positive,positive,neutral
mua 1k mở ra cường lực nứt hết,mua 1k mở ra cường lực nứt hết,negative,neutral,neutral,positive,negative,neutral,neutral,neutral
giao thiếu hàng đặt 2 ốp 3 cường lực giao 1 bộ,giao thiếu hàng đặt 2 ốp 3 cường lực giao 1 bộ,negative,neutral,neutral,neutral,negative,negative,negative,neutral
chất lượng tốt đúng mô tả. shop giao hàng nhanh shipper thân thiện. tính năng chưa thử chưa đánh giá được,chất lượng tốt đúng mô tả shop giao hàng nhanh người giao hàng thân thiện tính năng chưa thử chưa đánh giá được,positive,neutral,positive,neutral,positive,neutral,positive,neutral
quần dày dặn đẹp cotton. shop giao hàng nhanh đóng gói cẩn thận,quần dày dặn đẹp cotton shop giao hàng nhanh đóng gói cẩn thận,positive,positive,positive,neutral,positive,positive,positive,neutral
hàng mall yên tâm bé thích uống,hàng mall yên tâm bé thích uống,positive,neutral,neutral,neutral,positive,neutral,neutral,neutral
bút viết nhanh khô. sờ vội hơi lem mực,bút viết nhanh khô sờ vội hơi lem mực,negative,neutral,neutral,neutral,negative,neutral,neutral,neutral
"Thun mát co giãn tốt, giá rẻ, giao nhanh",thun mát co giãn tốt giá rẻ giao nhanh,positive,neutral,positive,positive,positive,neutral,positive,positive
form đẹp mua nhiều lần rất ok. hơi bẩn ở khung,form đẹp mua nhiều lần rất ok hơi bẩn ở khung,negative,neutral,neutral,neutral,positive,neutral,neutral,neutral
"Shop đóng hàng kém, dầu đổ hết ra ngoài",shop đóng hàng kém dầu đổ hết ra ngoài,negative,negative,neutral,neutral,negative,negative,neutral,neutral
nhỏ gọn gấp tiện lợi. giá rẻ,nhỏ gọn gấp tiện lợi giá rẻ,negative,neutral,neutral,positive,negative,neutral,neutral,positive
vải ok nhưng mút lỗi,vải ok nhưng mút lỗi,negative,neutral,neutral,neutral,negative,neutral,neutral,neutral
chất vải hơi mỏng mở ra mở vào cứng khó,chất vải hơi mỏng mở ra mở vào cứng khó,negative,neutral,neutral,neutral,negative,neutral,neutral,neutral
vali lỗi rách bên trong chỗ đựng đồ còn lại ổn,vali lỗi rách bên trong chỗ đựng đồ còn lại ổn,negative,negative,neutral,neutral,negative,negative,neutral,neutral
sữa dễ uống không ngọt gắt,sữa dễ uống không ngọt gắt,positive,neutral,neutral,neutral,positive,neutral,neutral,neutral
giá đỡ chắc chắn có lót chống trượt. đóng gói chắc chắn,giá đỡ chắc chắn có lót chống trượt đóng gói chắc chắn,negative,positive,neutral,neutral,negative,positive,neutral,neutral
sách chất lượng bìa dày. đóng gói vô cùng cẩn thận đẹp,sách chất lượng bìa dày đóng gói vô cùng cẩn thận đẹp,positive,positive,neutral,neutral,positive,positive,neutral,neutral
lưới căng dở oẹt chất lượng kém so với giá đóng gói ẩu. giao hàng nhanh ok,lưới căng dở oẹt chất lượng kém so với giá đóng gói ẩu giao hàng nhanh ok,negative,negative,positive,negative,positive,negative,positive,positive
chất lượng kém không đúng mô tả,chất lượng kém không đúng mô tả,negative,neutral,neutral,neutral,negative,negative,neutral,neutral
tạm ổn nhưng may ẩu,tạm ổn nhưng may ẩu,negative,neutral,neutral,neutral,neutral,neutral,neutral,neutral
mình không mua sản phẩm này nhưng lại hiện ra phần đánh giá,mình không mua sản phẩm này nhưng lại hiện ra phần đánh giá,neutral,neutral,neutral,neutral,negative,neutral,neutral,negative
ổn nhưng không co giãn size lệch,ổn nhưng không co giãn size lệch,negative,neutral,neutral,neutral,negative,neutral,neutral,neutral
vợt cho trẻ em chơi người lớn không nên mua,vợt cho trẻ em chơi người lớn không nên mua,negative,neutral,neutral,neutral,negative,neutral,neutral,neutral
Sản phẩm: Sản phẩm chất lượng kém,sản phẩm sản phẩm chất lượng kém,negative,neutral,neutral,neutral,positive,neutral,neutral,neutral
đóng gói chắc chắn giao hàng nhanh,đóng gói chắc chắn giao hàng nhanh,negative,positive,positive,neutral,negative,positive,positive,neutral
sản phẩm giống mô tả chất lượng tốt đóng gói ok giao hàng nhanh,sản phẩm giống mô tả chất lượng tốt đóng gói ok giao hàng nhanh,positive,positive,positive,neutral,positive,positive,positive,neutral
tã vải mặc đỡ hăm thấm hút ok chịu khó giặt cải thiện cho con,tã vải mặc đỡ hăm thấm hút ok chịu khó giặt cải thiện cho con,positive,neutral,neutral,neutral,positive,neutral,neutral,neutral
chất lượng tạm đánh mấy lần đã hỏng vợt không căng lắm. hợp cho người mới tập,chất lượng tạm đánh mấy lần đã hỏng vợt không căng lắm hợp cho người mới tập,negative,neutral,neutral,neutral,negative,neutral,neutral,neutral
sản phẩm khá tốt. phù hợp giá tiền,sản phẩm khá tốt phù hợp giá tiền,positive,neutral,neutral,positive,positive,neutral,neutral,positive
ship giao hàng thân thiện chuyên nghiệp. đóng gói cẩn thận. chất lượng chờ xem,giao hàng giao hàng thân thiện chuyên nghiệp đóng gói cẩn thận chất lượng chờ xem,neutral,positive,positive,neutral,positive,positive,positive,neutral
vali nhiều lỗi bánh xe cao su móp nứt đường may bung chốt nhựa lỏng ổ khóa kẹt,vali nhiều lỗi bánh xe cao su móp nứt đường may bung chốt nhựa lỏng ổ khóa kẹt,negative,negative,neutral,neutral,negative,negative,neutral,neutral
sữa ít đường dễ uống bé hợp tác chưa thấy tăng cân,sữa ít đường dễ uống bé hợp tác chưa thấy tăng cân,negative,neutral,neutral,neutral,positive,neutral,neutral,neutral
Chất lượng không đồng đều,chất lượng không đồng đều,negative,neutral,neutral,neutral,negative,neutral,neutral,neutral
Có quà đâu mà đính kèm lắm thế nhỉ :)),có quà đâu mà đính kèm lắm thế nhỉ,negative,negative,neutral,neutral,neutral,negative,neutral,neutral
lộ mút thất vọng,lộ mút thất vọng,negative,neutral,neutral,neutral,negative,neutral,neutral,neutral
Đẹp nhưng CSKH kém,đẹp nhưng cskh kém,negative,neutral,neutral,neutral,negative,neutral,neutral,neutral
Chất vải xấu,chất vải xấu,negative,neutral,neutral,neutral,negative,neutral,neutral,neutral
vải mềm thun co giãn tốt. giao hàng nhanh,vải mềm thun co giãn tốt giao hàng nhanh,positive,neutral,positive,neutral,positive,neutral,positive,neutral
vợt bị cong tróc sơn,vợt bị cong tróc sơn,negative,negative,neutral,neutral,negative,negative,neutral,neutral
sản phẩm không như mô tả. giao đủ đúng hàng nhưng bóc thử 1 cái lắp vào camera điện thoại không vừa,sản phẩm không như mô tả giao đủ đúng hàng nhưng bóc thử 1 cái lắp vào camera điện thoại không vừa,negative,neutral,neutral,neutral,negative,neutral,neutral,neutral
size không đúng,size không đúng,negative,negative,neutral,neutral,negative,negative,neutral,neutral
chọn xsmax giao x bé tí không dùng được làm ăn không có tâm,chọn xsmax giao x bé tí không dùng được làm ăn không có tâm,negative,neutral,neutral,neutral,negative,neutral,neutral,neutral
chất lượng tốt nghe gọi định vị đúng mô tả. máy nhạy phải tìm cách sử dụng đã,chất lượng tốt nghe gọi định vị đúng mô tả máy nhạy phải tìm cách sử dụng đã,positive,neutral,neutral,neutral,positive,neutral,neutral,neutral
giao hàng nhanh đủ sản phẩm giá cả hợp lí chất lượng ok nên mua,giao hàng nhanh đủ sản phẩm giá cả hợp lí chất lượng ok nên mua,positive,neutral,positive,positive,positive,neutral,positive,positive
nghe gọi định vị đúng mô tả đóng gói cẩn thận. chưa dùng chưa rõ pin hoạt động hi vọng sử dụng tốt,nghe gọi định vị đúng mô tả đóng gói cẩn thận chưa dùng chưa rõ pin hoạt động hi vọng sử dụng tốt,neutral,positive,neutral,neutral,positive,positive,neutral,neutral
chăm sóc khách hàng tuyệt vời. sản phẩm đẹp chất lượng tốt phục vụ chu đáo. chắc chắn quay lại mua sắm,chăm sóc khách hàng tuyệt vời sản phẩm đẹp chất lượng tốt phục vụ chu đáo chắc chắn quay lại mua sắm,positive,neutral,neutral,neutral,positive,neutral,neutral,neutral
tay áo rộng dễ tuột,tay áo rộng dễ tuột,negative,neutral,neutral,neutral,negative,neutral,neutral,neutral
"giao đúng sản phẩm, giao nhanh",giao đúng sản phẩm giao nhanh,positive,positive,positive,neutral,positive,positive,positive,neutral
thảm mỏng chắc giao nhầm 6mm. không giống hình không logo,thảm mỏng chắc giao nhầm 6mm không giống hình không logo,negative,negative,neutral,neutral,negative,negative,neutral,neutral
vỡ từ trước gói hàng có vẻ cẩn thận bóc cực mở ra thấy vết vỡ đánh giá 1 sao,vỡ từ trước gói hàng có vẻ cẩn thận bóc cực mở ra thấy vết vỡ đánh giá 1 sao,negative,positive,neutral,neutral,negative,positive,neutral,neutral
"bao bì bắt mắt, sữa thơm ngon ít ngọt",bao bì bắt mắt sữa thơm ngon ít ngọt,positive,neutral,neutral,neutral,positive,neutral,neutral,neutral
"Thiếu hàng, shop không rep",thiếu hàng shop không rep,negative,negative,neutral,neutral,negative,negative,neutral,neutral
vân in mờ tịt thảm màu xấu trơn nhìn như hàng fake,vân in mờ tịt thảm màu xấu trơn nhìn như hàng fake,negative,neutral,neutral,neutral,negative,negative,neutral,neutral
sản phẩm tốt,sản phẩm tốt,positive,neutral,neutral,neutral,positive,neutral,neutral,neutral
"giao hàng nhanh, bọc xốp cẩn thận",giao hàng nhanh bọc xốp cẩn thận,positive,positive,positive,neutral,positive,positive,positive,neutral
kính bị vỡ hàng săn 1k buồn,kính bị vỡ hàng săn 1k buồn,negative,neutral,neutral,positive,negative,positive,neutral,positive
hàng xài tạm giao hàng cũ khóa bên ăn bên không,hàng xài tạm giao hàng cũ khóa bên ăn bên không,negative,negative,neutral,neutral,neutral,neutral,negative,neutral
sản phẩm hơi chán xài có 1 ngày hết dung lượng không truy cập được thất vọng mobifone,sản phẩm hơi chán xài có 1 ngày hết dung lượng không truy cập được thất vọng mobifone,negative,neutral,neutral,neutral,negative,neutral,neutral,neutral
chăm sóc khách hàng chu đáo tận tình. shop tư vấn nhiệt tình. giao hàng rất nhanh đóng gói chắc chắn cẩn thận,chăm sóc khách hàng chu đáo tận tình shop tư vấn nhiệt tình giao hàng rất nhanh đóng gói chắc chắn cẩn thận,positive,positive,positive,neutral,positive,positive,positive,neutral
thảm dày dặn oke xốp cứng không mềm. giao sai màu,thảm dày dặn ok xốp cứng không mềm giao sai màu,negative,negative,neutral,neutral,negative,negative,neutral,neutral
"Hộp nát, sản phẩm như đã mở nắp dùng rồi",hộp nát sản phẩm như đã mở nắp dùng rồi,negative,negative,neutral,neutral,negative,negative,neutral,neutral
Sản phẩm lỗi,sản phẩm lỗi,negative,neutral,neutral,neutral,negative,neutral,neutral,neutral
Giao sai size,giao sai size,negative,negative,neutral,neutral,negative,negative,neutral,neutral
"sữa ít đường, thơm ngon",sữa ít đường thơm ngon,positive,neutral,neutral,neutral,positive,neutral,neutral,neutral
"sản phẩm rất tốt, đóng gói cẩn thận, giao nhanh",sản phẩm rất tốt đóng gói cẩn thận giao nhanh,positive,positive,positive,neutral,positive,positive,positive,neutral
sữa giúp tăng chiều cao tăng cân tốt,sữa giúp tăng chiều cao tăng cân tốt,positive,neutral,neutral,neutral,positive,neutral,neutral,neutral
bé dùng hợp,bé dùng hợp,positive,neutral,neutral,neutral,positive,neutral,neutral,neutral
cầm nhẹ tay đánh bình thường không như quảng cáo chất lượng cao. giao hàng nhanh,cầm nhẹ tay đánh bình thường không như quảng cáo chất lượng cao giao hàng nhanh,negative,neutral,positive,neutral,neutral,neutral,positive,neutral
giao nhanh đủ hàng chất lượng tốt,giao nhanh đủ hàng chất lượng tốt,positive,positive,positive,neutral,positive,positive,positive,neutral
hơi mỏng lộ mút,hơi mỏng lộ mút,negative,neutral,neutral,neutral,negative,neutral,neutral,neutral
hàng chuẩn đẹp,hàng chuẩn đẹp,positive,neutral,neutral,neutral,positive,neutral,neutral,neutral
cảm quan chắc chắn đúng mô tả có sẵn cáp nhỏ được shop tặng thêm cáp sạc 3 đầu đầy đủ phụ kiện. đóng gói chắc chắn ship nhanh chóng,cảm quan chắc chắn đúng mô tả có sẵn cáp nhỏ được shop tặng thêm cáp sạc 3 đầu đầy đủ phụ kiện đóng gói chắc chắn giao hàng nhanh chóng,positive,positive,positive,neutral,negative,positive,positive,neutral
"Giao nhanh, đẹp",giao nhanh đẹp,positive,neutral,positive,neutral,positive,neutral,positive,neutral
chất lượng thiết kế đẹp dễ sử dụng. đóng gói cẩn thận. giao nhanh. giá hợp lý,chất lượng thiết kế đẹp dễ sử dụng đóng gói cẩn thận giao nhanh giá hợp lý,positive,positive,positive,positive,positive,positive,positive,positive
mua 8 plus gửi ip5 bọc rất kỹ nhưng lại bể gửi hàng hỏng hàng 1k ship 27k đắt,mua 8 plus gửi ip5 bọc rất kỹ nhưng lại bể gửi hàng hỏng hàng 1k giao hàng 27k đắt,negative,positive,neutral,negative,negative,positive,negative,neutral
dây vợt chùng chất lượng bình thường,dây vợt chùng chất lượng bình thường,negative,neutral,neutral,neutral,neutral,neutral,neutral,neutral
"sữa ít đường, săn được giá rẻ",sữa ít đường săn được giá rẻ,positive,neutral,neutral,positive,positive,neutral,neutral,positive
"shop uy tín, giao hàng nhanh",shop uy tín giao hàng nhanh,positive,neutral,positive,neutral,positive,neutral,positive,neutral
soạn nhầm màu xanh than thành da trời nhân viên làm ăn kém không hỏi ý khách,soạn nhầm màu xanh than thành da trời nhân viên làm ăn kém không hỏi ý khách,negative,negative,neutral,neutral,negative,neutral,neutral,neutral
giao hàng không kĩ dơ 2 đầu mặc dù có bọc,giao hàng không kĩ dơ 2 đầu mặc dù có bọc,negative,negative,neutral,neutral,negative,negative,negative,neutral
dễ gỉ sét dù không dày. tay cầm hay bị rớt,dễ gỉ sét dù không dày tay cầm hay bị rớt,negative,neutral,neutral,neutral,negative,negative,neutral,neutral
sản phẩm rất đẹp và chất lượng vượt ngoài mong đợi. đúng như quảng cáo chất lượng tuyệt vời. đóng gói cẩn thận giao hàng nhanh,sản phẩm rất đẹp và chất lượng vượt ngoài mong đợi đúng như quảng cáo chất lượng tuyệt vời đóng gói cẩn thận giao hàng nhanh,positive,positive,positive,neutral,positive,positive,positive,neutral
vải mỏng không ưng,vải mỏng không ưng,negative,neutral,neutral,neutral,negative,neutral,neutral,neutral
vải mềm mịn mới nhận chưa sử dụng,vải mềm mịn mới nhận chưa sử dụng,positive,neutral,neutral,neutral,neutral,neutral,neutral,neutral
"Chất lượng tốt hơn trước, giá mềm, giao nhanh",chất lượng tốt hơn trước giá mềm giao nhanh,positive,neutral,positive,positive,positive,neutral,positive,positive
giao hàng nhanh đóng gói cẩn thận. lướt nhanh ổn phù hợp giá tiền giao diện tạm nét. hơi chống nước bắn không bơi tắm được shop tư vấn nhiệt tình,giao hàng nhanh đóng gói cẩn thận lướt nhanh ổn phù hợp giá tiền giao diện tạm nét hơi chống nước bắn không bơi tắm được shop tư vấn nhiệt tình,positive,positive,positive,positive,positive,positive,positive,positive
màu sắc đẹp chất lượng tốt. ship nhanh shop tư vấn nhiệt tình săn sale được rẻ. rất tiện ích cho bé và mẹ,màu sắc đẹp chất lượng tốt giao hàng nhanh shop tư vấn nhiệt tình săn sale được rẻ rất tiện ích cho bé và mẹ,positive,neutral,positive,positive,positive,neutral,positive,positive
bút viết êm. mua 20 được tặng 1. giao nhanh đóng gói cẩn thận,bút viết êm mua 20 được tặng 1 giao nhanh đóng gói cẩn thận,positive,positive,positive,neutral,positive,positive,positive,neutral
Không ôm sát ngực... tạm ổn,không ôm sát ngực tạm ổn,negative,neutral,neutral,neutral,neutral,neutral,neutral,neutral
form ok nhưng vải nóng,form ok nhưng vải nóng,negative,neutral,neutral,neutral,negative,neutral,neutral,neutral
sẽ tiếp tục ủng hộ shop. rất hài lòng với sản phẩm và dịch vụ. chăm sóc khách hàng chu đáo tận tình,sẽ tiếp tục ủng hộ shop rất hài lòng với sản phẩm và dịch vụ chăm sóc khách hàng chu đáo tận tình,positive,neutral,neutral,neutral,positive,neutral,neutral,neutral
hàng lỗi không như mô tả giả mạo. đặt 16 không biết size gì gắn vô lỏng lẻo ngửa là rớt,hàng lỗi không như mô tả giả mạo đặt 16 không biết size gì gắn vô lỏng lẻo ngửa là rớt,negative,neutral,neutral,neutral,negative,neutral,neutral,neutral
đẹp giá rẻ. giao hàng nhanh đúng mô tả,đẹp giá rẻ giao hàng nhanh đúng mô tả,positive,positive,positive,positive,positive,positive,positive,positive
chất lượng đáng 5 sao chọn xanh giao tím,chất lượng đáng 5 sao chọn xanh giao tím,positive,neutral,neutral,neutral,negative,neutral,neutral,neutral
form lỗi mút hỏng,form lỗi mút hỏng,negative,neutral,neutral,neutral,negative,neutral,neutral,neutral
"đóng gói cẩn thận, giao hàng nhanh",đóng gói cẩn thận giao hàng nhanh,positive,positive,positive,neutral,positive,positive,positive,neutral
ship nhanh mua được giá rẻ,giao hàng nhanh mua được giá rẻ,positive,neutral,positive,positive,positive,neutral,positive,positive
Hình quảng cáo có quà nhưng nhận không có,hình quảng cáo có quà nhưng nhận không có,negative,negative,neutral,neutral,neutral,negative,neutral,neutral
sản phẩm chán lỏng lẻo dính không bền lúc là bong,sản phẩm chán lỏng lẻo dính không bền lúc là bong,negative,neutral,neutral,neutral,negative,neutral,neutral,negative
sữa hợp tác tốt,sữa hợp tác tốt,positive,positive,neutral,neutral,positive,neutral,neutral,neutral
gửi cái kính không không có miếng lau mô tả ghi rõ bao gồm hộp và lau kính hàng 1k,gửi cái kính không không có miếng lau mô tả ghi rõ bao gồm hộp và lau kính hàng 1k,negative,neutral,neutral,positive,negative,positive,neutral,neutral
hàng đẹp chất lượng tốt thun thấm hút tốt,hàng đẹp chất lượng tốt thun thấm hút tốt,positive,neutral,neutral,neutral,positive,neutral,neutral,neutral
chất lượng kém ốp nút bấm khó,chất lượng kém ốp nút bấm khó,negative,neutral,neutral,neutral,negative,neutral,neutral,neutral
nhựa trung bình có gờ khó chịu. giao sai hàng lỗi không từ tính,nhựa trung bình có gờ khó chịu giao sai hàng lỗi không từ tính,negative,negative,neutral,neutral,negative,neutral,neutral,neutral
tệ cán vợt bung sứt tùm lum phải quấn băng keo. thất vọng không mua lại,tệ cán vợt bung sứt tùm lum phải quấn băng keo thất vọng không mua lại,negative,negative,neutral,neutral,negative,neutral,neutral,neutral
hình thức xấu chưa dán đã rụng,hình thức xấu chưa dán đã rụng,negative,neutral,neutral,neutral,negative,neutral,neutral,neutral
"Màu đặc, cọ lỗi",màu đặc cọ lỗi,negative,neutral,neutral,neutral,negative,neutral,neutral,neutral
mua 2 lần lỗi 2 lần kêu hoàn tiền không thấy. nhắn tin không trả lời quá tệ khuyên đừng mua vứt thôi,mua 2 lần lỗi 2 lần kêu hoàn tiền không thấy nhắn tin không trả lời quá tệ khuyên đừng mua vứt thôi,negative,neutral,neutral,neutral,negative,neutral,neutral,neutral
bé uống được hộp có tay xách tiện lợi,bé uống được hộp có tay xách tiện lợi,negative,positive,neutral,neutral,negative,neutral,neutral,neutral
vải xù sau giặt,vải xù sau giặt,negative,neutral,neutral,neutral,negative,neutral,neutral,neutral
găng dày bấm không được chất lượng tệ,găng dày bấm không được chất lượng tệ,negative,neutral,neutral,neutral,negative,neutral,neutral,neutral
đẹp nhưng không đồng đều,đẹp nhưng không đồng đều,negative,neutral,neutral,neutral,negative,neutral,neutral,neutral
"hàng tạm ổn, giao nhanh, đóng gói cẩn thận",hàng tạm ổn giao nhanh đóng gói cẩn thận,neutral,positive,positive,neutral,neutral,positive,positive,neutral
ô bé nhưng chắc chắn thu vào nặng tay khó ấn,ô bé nhưng chắc chắn thu vào nặng tay khó ấn,negative,neutral,neutral,neutral,negative,neutral,neutral,neutral
dù hỏng chốt bấm. trả hàng hoàn tiền khó khăn,dù hỏng chốt bấm trả hàng hoàn tiền khó khăn,negative,neutral,neutral,neutral,negative,neutral,neutral,neutral
giao hàng nhanh gọi điện đổi màu. mút không xịn gãy form,giao hàng nhanh gọi điện đổi màu mút không xịn gãy form,negative,neutral,positive,neutral,negative,neutral,positive,neutral
Giao nhầm hàng,giao nhầm hàng,negative,negative,neutral,neutral,negative,negative,negative,neutral
vali không chắc chắn nhìn mong manh. sẽ không mua lại,vali không chắc chắn nhìn mong manh sẽ không mua lại,negative,neutral,neutral,neutral,negative,neutral,neutral,neutral
tệ sai màu,tệ sai màu,negative,neutral,neutral,neutral,negative,negative,neutral,neutral
gậy chắc chắn sử dụng ngon. chất liệu bằng thép không gỉ rất chất lượng,gậy chắc chắn sử dụng ngon chất liệu bằng thép không gỉ rất chất lượng,positive,neutral,neutral,neutral,negative,neutral,neutral,neutral
sách viết đẹp. giao đủ số lượng đúng hẹn,sách viết đẹp giao đủ số lượng đúng hẹn,positive,positive,positive,neutral,positive,positive,neutral,neutral
thông báo trung thu lớp học,thông báo trung thu lớp học,neutral,neutral,neutral,neutral,neutral,neutral,neutral,neutral
size nhỏ,size nhỏ,negative,neutral,neutral,neutral,negative,negative,neutral,neutral
chất liệu tính năng ok nhưng giao nhầm từ 2 đôi thành 1 đôi,chất liệu tính năng ok nhưng giao nhầm từ 2 đôi thành 1 đôi,positive,neutral,neutral,neutral,negative,neutral,neutral,neutral
"3 tranh ok, 1 tranh lỗi",3 tranh ok 1 tranh lỗi,negative,neutral,neutral,neutral,negative,neutral,neutral,neutral
Tốt nhưng thiếu quà,tốt nhưng thiếu quà,negative,negative,neutral,neutral,negative,negative,neutral,neutral
"Vải đẹp, giá rất ổn",vải đẹp giá rất ổn,positive,neutral,neutral,positive,positive,neutral,neutral,positive
dây không đều vải nóng,dây không đều vải nóng,negative,neutral,neutral,neutral,negative,neutral,neutral,neutral
Nội dung không liên quan,nội dung không liên quan,neutral,neutral,neutral,neutral,neutral,neutral,neutral,neutral
date xa săn sale giá hời,date xa săn sale giá hời,positive,neutral,neutral,positive,positive,neutral,neutral,positive
giao hơi chậm nhưng đóng gói kỹ,giao hơi chậm nhưng đóng gói kỹ,positive,positive,negative,neutral,negative,positive,negative,neutral
rẻ mà nhìn như thật dây màu hồng xinh xẻo. shop trả lời nhiệt tình xứng đáng 10 điểm,rẻ mà nhìn như thật dây màu hồng xinh xẻo shop trả lời nhiệt tình xứng đáng 10 điểm,positive,neutral,neutral,positive,negative,neutral,neutral,neutral
Đóng gói sơ sài,đóng gói sơ sài,negative,negative,neutral,neutral,negative,negative,neutral,neutral
Cọ cứng nhưng màu đẹp,cọ cứng nhưng màu đẹp,negative,neutral,neutral,neutral,negative,neutral,neutral,neutral
vợt khá ok so với giá tiền nhưng cầu nhựa không ok lắm,vợt khá ok so với giá tiền nhưng cầu nhựa không ok lắm,negative,neutral,neutral,positive,negative,negative,neutral,positive
sữa dễ uống vị ngọt nhẹ đóng gói cẩn thận,sữa dễ uống vị ngọt nhẹ đóng gói cẩn thận,positive,positive,neutral,neutral,positive,positive,neutral,neutral
đặt cường lực 11pro max giao xsm shop không biết đọc chữ,đặt cường lực 11pro max giao xsm shop không biết đọc chữ,negative,neutral,neutral,neutral,negative,neutral,neutral,neutral
"giao hàng nhanh, đúng sản phẩm, hàng chính hãng",giao hàng nhanh đúng sản phẩm hàng chính hãng,positive,positive,positive,neutral,positive,positive,positive,neutral
bao bì đẹp sang chất lượng tốt,bao bì đẹp sang chất lượng tốt,positive,positive,neutral,neutral,positive,positive,neutral,neutral
tạm ổn,tạm ổn,neutral,neutral,neutral,neutral,neutral,neutral,neutral,neutral
làm ăn dối trá đóng gói nhìn rất chắc chắn mở ra thì bể không phải do vận chuyển,làm ăn dối trá đóng gói nhìn rất chắc chắn mở ra thì bể không phải do vận chuyển,negative,positive,neutral,neutral,negative,positive,negative,neutral
hết tốc độ cao không vào được fb nhắn zalo lần 1 shop trả lời lần 2 mất hút,hết tốc độ cao không vào được fb nhắn zalo lần 1 shop trả lời lần 2 mất hút,negative,neutral,neutral,neutral,negative,neutral,neutral,neutral
thảm bị lỗi khá nhiều độ bám ít chống tay trượt. đổi hàng phức tạp,thảm bị lỗi khá nhiều độ bám ít chống tay trượt đổi hàng phức tạp,negative,neutral,neutral,neutral,negative,negative,neutral,neutral
tưởng không to mà to không tưởng nặng như gạch,tưởng không to mà to không tưởng nặng như gạch,neutral,neutral,neutral,neutral,negative,neutral,neutral,neutral
ô chắc chắn nhưng cột trụ lỏng. vành ô không cụp sâu đi mưa vẫn bị ướt,ô chắc chắn nhưng cột trụ lỏng vành ô không cụp sâu đi mưa vẫn bị ướt,negative,negative,neutral,neutral,negative,neutral,neutral,neutral
thảm có mùi khá nồng bề mặt bị tróc lớp in dính bụi xốp. giao hàng nhanh,thảm có mùi khá nồng bề mặt bị tróc lớp in dính bụi xốp giao hàng nhanh,negative,negative,positive,neutral,negative,negative,positive,neutral
thích dùng bút này. nhẹ viết nhanh khô chữ đẹp. ngon bổ rẻ,thích dùng bút này nhẹ viết nhanh khô chữ đẹp ngon bổ rẻ,positive,neutral,neutral,positive,positive,neutral,neutral,positive
"hạn dùng xa, gửi hàng nhanh, sale tốt",hạn dùng xa gửi hàng nhanh sale tốt,positive,neutral,positive,neutral,positive,neutral,positive,positive
giá đỡ chắc chắn. các khớp xoay linh hoạt,giá đỡ chắc chắn các khớp xoay linh hoạt,negative,neutral,neutral,neutral,negative,neutral,neutral,neutral
vỏ vali mỏng. giao hàng kỹ không trầy móp. giá sale rẻ đóng gói chăm sóc tốt,vỏ vali mỏng giao hàng kỹ không trầy móp giá sale rẻ đóng gói chăm sóc tốt,negative,positive,neutral,positive,negative,negative,positive,positive
chất lượng ổn màn hình nhạy cảm ứng tốt tính năng ok dễ sử dụng. giao hàng nhanh có hộp đẹp chắc chắn,chất lượng ổn màn hình nhạy cảm ứng tốt tính năng ok dễ sử dụng giao hàng nhanh có hộp đẹp chắc chắn,positive,positive,positive,neutral,positive,neutral,positive,neutral
giao hàng nhanh đóng gói kỹ,giao hàng nhanh đóng gói kỹ,positive,positive,positive,neutral,positive,positive,positive,neutral
Phần mút đậm hơn vải áo nên bị lộ. Ko nên mua,phần mút đậm hơn vải áo nên bị lộ không nên mua,negative,neutral,neutral,neutral,negative,neutral,neutral,neutral
"ít đường dễ uống, săn sale rẻ",ít đường dễ uống săn sale rẻ,positive,neutral,neutral,positive,positive,neutral,neutral,positive
Cọ lỏng,cọ lỏng,negative,neutral,neutral,neutral,negative,neutral,neutral,neutral
đúng mô tả giá hợp lý,đúng mô tả giá hợp lý,positive,positive,neutral,positive,positive,positive,neutral,positive
sạc dùng ok nhanh vào dễ cắm dùng được 3-4 lần đầy pin mới hết. shop dễ thương,sạc dùng ok nhanh vào dễ cắm dùng được 3 4 lần đầy pin mới hết shop dễ thương,positive,neutral,neutral,neutral,positive,neutral,neutral,neutral
Khá tốt,khá tốt,positive,neutral,neutral,neutral,positive,neutral,neutral,neutral
hàng đúng mô tả. săn được rẻ. bút viết ra đều êm. quá rẻ so với chất lượng,hàng đúng mô tả săn được rẻ bút viết ra đều êm quá rẻ so với chất lượng,negative,positive,neutral,positive,negative,neutral,neutral,positive
đúng mô tả chất tốt giao nhanh,đúng mô tả chất tốt giao nhanh,positive,positive,positive,neutral,positive,positive,positive,neutral
độ bền dán không ăn đặt 12prm giao 13 mini,độ bền dán không ăn đặt 12prm giao 13 mini,negative,neutral,neutral,neutral,negative,neutral,neutral,neutral
đóng gói chán dã man có 1 lớp màng bọc móp mấy lỗ khi vận chuyển,đóng gói chán dã man có 1 lớp màng bọc móp mấy lỗ khi vận chuyển,negative,negative,negative,neutral,negative,positive,negative,neutral
sữa thơm ít ngọt bé hợp tác,sữa thơm ít ngọt bé hợp tác,positive,neutral,neutral,neutral,positive,neutral,neutral,neutral
chất liệu ok tạm ổn,chất liệu ok tạm ổn,neutral,neutral,neutral,neutral,neutral,neutral,neutral,neutral
Nắp vòi bị bật lên,nắp vòi bị bật lên,negative,neutral,neutral,neutral,negative,negative,neutral,neutral
bỉm mặc thoải mái con rất thích đái 1-2 lần là phải thay. thời gian giao nhanh,bỉm mặc thoải mái con rất thích đái 1 2 lần là phải thay thời gian giao nhanh,positive,neutral,positive,neutral,positive,neutral,positive,neutral
sữa ngon dễ uống bé rất thích,sữa ngon dễ uống bé rất thích,positive,neutral,neutral,neutral,positive,neutral,neutral,neutral
vali trầy xước nhìn không chắc chắn lớp nhựa mỏng dễ vỡ,vali trầy xước nhìn không chắc chắn lớp nhựa mỏng dễ vỡ,negative,negative,neutral,neutral,negative,negative,neutral,neutral
Mất số,mất số,negative,neutral,neutral,neutral,negative,neutral,neutral,neutral
hàng đểu gắn vào tháo ra hỏng cả mắt cam lừa đảo,hàng đểu gắn vào tháo ra hỏng cả mắt cam lừa đảo,negative,neutral,neutral,neutral,negative,neutral,neutral,neutral
chất liệu dày quá cảm ứng không nhạy không ấn được,chất liệu dày quá cảm ứng không nhạy không ấn được,negative,neutral,neutral,neutral,negative,neutral,neutral,neutral
mua lúc sale giá rất rẻ giao hàng nhanh bé thích uống,mua lúc sale giá rất rẻ giao hàng nhanh bé thích uống,positive,neutral,positive,positive,positive,neutral,positive,positive
"giao nhanh, chất lượng tốt, giá hợp lí",giao nhanh chất lượng tốt giá hợp lí,positive,neutral,positive,positive,positive,neutral,positive,positive
bút bền rẻ đẹp. mực viết nhanh khô ra đều không lem,bút bền rẻ đẹp mực viết nhanh khô ra đều không lem,negative,neutral,neutral,positive,negative,neutral,neutral,positive
sim rất lag mạng rớt liên tục làm việc dở load hoài bật tắt máy bay đỡ được lúc lâu lâu mất sóng,sim rất lag mạng rớt liên tục làm việc dở load hoài bật tắt máy bay đỡ được lúc lâu lâu mất sóng,negative,neutral,neutral,neutral,negative,neutral,neutral,neutral
mọi người bảo dùng ổn,mọi người bảo dùng ổn,positive,neutral,neutral,neutral,positive,neutral,neutral,neutral
quần xinh vải thun đường may ok hài lòng,quần xinh vải thun đường may ok hài lòng,positive,neutral,neutral,neutral,positive,neutral,neutral,neutral
"Nhựa, tô xấu",nhựa tô xấu,negative,neutral,neutral,neutral,negative,neutral,neutral,neutral
gửi sai dòng máy chất lượng quá tệ,gửi sai dòng máy chất lượng quá tệ,negative,neutral,neutral,neutral,negative,neutral,neutral,neutral
cũng tàm tạm,cũng tàm tạm,neutral,neutral,neutral,neutral,neutral,neutral,neutral,neutral
"Chất cotton mềm mịn, chất lượng tuyệt vời, ship nhanh",chất cotton mềm mịn chất lượng tuyệt vời giao hàng nhanh,positive,neutral,positive,neutral,positive,neutral,positive,neutral
Thiếu đơn hàng,thiếu đơn hàng,negative,negative,neutral,neutral,negative,negative,negative,neutral
ban đầu mực ra đều. nhựa cứng. ngòi nhỏ nhưng sợ dễ tắc mực. shop giao nhanh đúng hàng. sale rẻ,ban đầu mực ra đều nhựa cứng ngòi nhỏ nhưng sợ dễ tắc mực shop giao nhanh đúng hàng sale rẻ,negative,positive,positive,positive,negative,neutral,positive,positive
bất mãn mua deal sốc giá đắt hơn bình thường hình túi to giao túi bé,bất mãn mua deal sốc giá đắt hơn bình thường hình túi to giao túi bé,negative,negative,neutral,negative,neutral,neutral,neutral,positive
màu sáng chói lòa chất thảm tạm định tuyến mờ không rõ,màu sáng chói lòa chất thảm tạm định tuyến mờ không rõ,negative,neutral,neutral,neutral,negative,neutral,neutral,neutral
gần đúng mô tả. không vừa ipad,gần đúng mô tả không vừa ipad,negative,positive,neutral,neutral,negative,neutral,neutral,neutral
không liên quan,không liên quan,neutral,neutral,neutral,neutral,neutral,neutral,neutral,neutral
ship nhanh 2 ngày nhận. vali hơi mỏng tay cầm chắc chắn màu sắc ưng,giao hàng nhanh 2 ngày nhận vali hơi mỏng tay cầm chắc chắn màu sắc ưng,negative,neutral,positive,neutral,negative,neutral,positive,neutral
sản phẩm rất tốt đúng quảng cáo chất lượng tuyệt vời. giao hàng nhanh nhân viên nhiệt tình. sẽ tiếp tục ủng hộ,sản phẩm rất tốt đúng quảng cáo chất lượng tuyệt vời giao hàng nhanh nhân viên nhiệt tình sẽ tiếp tục ủng hộ,positive,neutral,positive,neutral,positive,neutral,positive,neutral
Gửi sai size,gửi sai size,negative,negative,neutral,neutral,negative,negative,neutral,neutral
hàng giao nhanh vải mềm mịn màu nhã nhặn,hàng giao nhanh vải mềm mịn màu nhã nhặn,positive,neutral,positive,neutral,positive,neutral,positive,neutral
sản phẩm xịn nặng tay chắc chắn. xoay và chỉnh góc linh hoạt,sản phẩm xịn nặng tay chắc chắn xoay và chỉnh góc linh hoạt,negative,neutral,neutral,neutral,negative,neutral,neutral,neutral
chất lượng. giao nhanh shipper vui vẻ nhiệt tình,chất lượng giao nhanh người giao hàng vui vẻ nhiệt tình,positive,neutral,positive,neutral,positive,neutral,positive,neutral
"sữa giúp bé tăng cân, hộp chắc chắn",sữa giúp bé tăng cân hộp chắc chắn,negative,positive,neutral,neutral,negative,neutral,neutral,neutral
sữa giúp bé phát triển tốt,sữa giúp bé phát triển tốt,positive,neutral,neutral,neutral,positive,neutral,neutral,neutral
sản phẩm chất lượng cao giá tốt giao hàng nhanh,sản phẩm chất lượng cao giá tốt giao hàng nhanh,positive,neutral,positive,positive,positive,neutral,positive,positive
sản phẩm bị trầy xước,sản phẩm bị trầy xước,negative,negative,neutral,neutral,negative,negative,neutral,neutral
lộ mút,lộ mút,negative,neutral,neutral,neutral,negative,neutral,neutral,neutral
vợt nhìn hơi thô giá 234k không đáng mua,vợt nhìn hơi thô giá 234k không đáng mua,positive,neutral,neutral,negative,negative,neutral,neutral,negative
bình luận rác gõ chữ vô nghĩa không liên quan,bình luận rác gõ chữ vô nghĩa không liên quan,neutral,neutral,neutral,neutral,neutral,neutral,neutral,neutral
sản phẩm tốt bé hợp tác,sản phẩm tốt bé hợp tác,positive,neutral,neutral,neutral,positive,neutral,neutral,neutral
"Giá 9k rất rẻ, màu tối dễ mang, vải co giãn tốt",giá 9k rất rẻ màu tối dễ mang vải co giãn tốt,positive,neutral,neutral,positive,positive,neutral,neutral,positive
chất lượng kém không vừa điện thoại,chất lượng kém không vừa điện thoại,negative,neutral,neutral,neutral,negative,neutral,neutral,neutral
thoải mái nhưng mỏng lộ mút,thoải mái nhưng mỏng lộ mút,negative,neutral,neutral,neutral,negative,neutral,neutral,neutral
đóng gói sản phẩm hời hợt khi nhận được hàng bị vỡ,đóng gói sản phẩm hời hợt khi nhận được hàng bị vỡ,negative,negative,neutral,neutral,negative,positive,negative,neutral
"giao nhanh, đóng hàng kỹ, sale rẻ",giao nhanh đóng hàng kỹ sale rẻ,positive,positive,positive,positive,positive,positive,positive,positive
vỏ hộp cũ mô tả không rõ ràng,vỏ hộp cũ mô tả không rõ ràng,negative,negative,neutral,neutral,negative,negative,neutral,neutral
Sản phẩm: Sản phẩm không như mô tả,sản phẩm sản phẩm không như mô tả,negative,neutral,neutral,neutral,negative,neutral,neutral,neutral
đóng gói cẩn thận giao hàng nhanh ship nhiệt tình,đóng gói cẩn thận giao hàng nhanh giao hàng nhiệt tình,positive,positive,positive,neutral,positive,positive,positive,neutral
"sản phẩm đúng mô tả, giao nhanh",sản phẩm đúng mô tả giao nhanh,positive,positive,positive,neutral,positive,positive,positive,neutral
size bé quá đeo bí đánh giá 1 sao,size bé quá đeo bí đánh giá 1 sao,negative,neutral,neutral,neutral,negative,neutral,neutral,neutral
Nghi ngờ hàng nhái vì mã vạch và nơi sản xuất không khớp,nghi ngờ hàng nhái vì mã vạch và nơi sản xuất không khớp,negative,neutral,neutral,neutral,negative,neutral,neutral,neutral
"sữa ngon, bé rất thích",sữa ngon bé rất thích,positive,neutral,neutral,neutral,positive,neutral,neutral,neutral
mua cái thứ 2 rồi sản phẩm tốt lắm mọi người nên mua nhé,mua cái thứ 2 rồi sản phẩm tốt lắm mọi người nên mua nhé,positive,neutral,neutral,neutral,positive,neutral,neutral,neutral
"Thiếu hàng, không xử lý",thiếu hàng không xử lý,negative,negative,neutral,neutral,negative,negative,neutral,neutral
độ dày khá viết êm đường kẻ rõ ràng. giao hàng nhanh,độ dày khá viết êm đường kẻ rõ ràng giao hàng nhanh,positive,neutral,positive,neutral,positive,neutral,positive,neutral
sản phẩm bị vỡ không có hộp đi kèm chất lượng vô cùng kém vô trách nhiệm,sản phẩm bị vỡ không có hộp đi kèm chất lượng vô cùng kém vô trách nhiệm,negative,neutral,neutral,neutral,negative,neutral,neutral,neutral
giá rẻ hơn nhiều nơi,giá rẻ hơn nhiều nơi,positive,neutral,neutral,positive,positive,neutral,neutral,positive
chất lượng sản phẩm ổn không có gì chê,chất lượng sản phẩm ổn không có gì chê,negative,neutral,neutral,neutral,negative,neutral,neutral,neutral
mạng yếu gọi zalo không nghe được gì thất vọng,mạng yếu gọi zalo không nghe được gì thất vọng,negative,neutral,neutral,neutral,negative,neutral,neutral,neutral
Màu đặc khó tô,màu đặc khó tô,negative,neutral,neutral,neutral,negative,neutral,neutral,neutral
màu vở xinh. giấy không quá mỏng. chất lượng tốt. giá rẻ. ship nhanh,màu vở xinh giấy không quá mỏng chất lượng tốt giá rẻ giao hàng nhanh,negative,negative,positive,positive,positive,neutral,positive,positive
chất lượng đúng mô tả mẫu mã đẹp kiểu dáng đúng mô tả pin nặng mặt kính rơi rớt dễ hư sạc cả tháng vẫn khá ok,chất lượng đúng mô tả mẫu mã đẹp kiểu dáng đúng mô tả pin nặng mặt kính rơi rớt dễ hư sạc cả tháng vẫn khá ok,neutral,neutral,neutral,neutral,positive,positive,neutral,neutral
khá ổn nhưng bị cong chỗ nối vợt và thân phải dán keo,khá ổn nhưng bị cong chỗ nối vợt và thân phải dán keo,negative,negative,neutral,neutral,negative,negative,neutral,neutral
đóng vali không khớp ọp ẹp khóa nhựa không chắc chắn. giá hợp lý,đóng vali không khớp ọp ẹp khóa nhựa không chắc chắn giá hợp lý,negative,neutral,neutral,positive,negative,negative,neutral,positive
"Đẹp, đầy đủ",đẹp đầy đủ,positive,positive,neutral,neutral,positive,positive,neutral,neutral
rộng nách,rộng nách,negative,neutral,neutral,neutral,negative,neutral,neutral,neutral
giao hàng nhanh. sim chất lượng quá kém mất sóng liên tục fb load không nổi,giao hàng nhanh sim chất lượng quá kém mất sóng liên tục fb load không nổi,negative,neutral,positive,neutral,negative,neutral,positive,neutral
anh em đừng mua hỏng cam vỡ bóc ra bung cả mắt cam shopee làm ăn chịu,anh em đừng mua hỏng cam vỡ bóc ra bung cả mắt cam shopee làm ăn chịu,negative,neutral,neutral,neutral,negative,neutral,neutral,neutral
chất lượng kém không mượt không nên mua,chất lượng kém không mượt không nên mua,negative,neutral,neutral,neutral,negative,neutral,neutral,neutral
Shop đâu có tặng,shop đâu có tặng,negative,negative,neutral,neutral,neutral,negative,neutral,neutral
"Đóng gói cực kỳ ẩu, dầu tràn ra ngoài và vỡ nắp",đóng gói cực kỳ ẩu dầu tràn ra ngoài và vỡ nắp,negative,negative,neutral,neutral,negative,negative,neutral,neutral
mua 2 thùng giá rẻ,mua 2 thùng giá rẻ,negative,neutral,neutral,positive,positive,neutral,neutral,positive
có vết bẩn vải xù,có vết bẩn vải xù,negative,negative,neutral,neutral,negative,negative,neutral,neutral
gói hàng rất cẩn thận,gói hàng rất cẩn thận,positive,positive,neutral,neutral,positive,positive,positive,neutral
vỏ nhiều vết trầy xước cũ lắp không chỉn chu hàng không nguyên đai kiện. thất vọng với số tiền,vỏ nhiều vết trầy xước cũ lắp không chỉn chu hàng không nguyên đai kiện thất vọng với số tiền,negative,negative,neutral,neutral,negative,negative,neutral,neutral
rộng và lộ mút,rộng và lộ mút,negative,neutral,neutral,neutral,negative,neutral,neutral,neutral
chưa lắp đã gãy trơn cứng cầm trơn tay,chưa lắp đã gãy trơn cứng cầm trơn tay,negative,neutral,neutral,neutral,negative,neutral,neutral,neutral
bình luận rác về ứng dụng ihanoi không liên quan,bình luận rác về ứng dụng ihanoi không liên quan,neutral,neutral,neutral,neutral,neutral,neutral,neutral,neutral
"chưa thấy hiệu quả, giao hàng nhanh, đóng gói cẩn thận",chưa thấy hiệu quả giao hàng nhanh đóng gói cẩn thận,negative,positive,positive,neutral,positive,positive,positive,neutral
sản phẩm ok đủ tính năng nghe gọi zalo messenger đo nhịp tim. hơn hẳn loại rởm 200k. shop tốt đáng tiền,sản phẩm ok đủ tính năng nghe gọi zalo messenger đo nhịp tim hơn hẳn loại rởm 200k shop tốt đáng tiền,positive,neutral,neutral,positive,positive,neutral,neutral,positive
vỡ không dùng được xử lý không thỏa đáng lỗi từ trước vì gói kĩ bọc các kiểu,vỡ không dùng được xử lý không thỏa đáng lỗi từ trước vì gói kĩ bọc các kiểu,negative,positive,neutral,neutral,negative,neutral,neutral,neutral
"Màu đẹp, shop tư vấn nhiệt tình, ship nhanh",màu đẹp shop tư vấn nhiệt tình giao hàng nhanh,positive,neutral,positive,neutral,positive,neutral,positive,neutral
"Size sai, dịch vụ kém",size sai dịch vụ kém,negative,negative,neutral,neutral,negative,negative,neutral,neutral
form xấu lộ mút,form xấu lộ mút,negative,neutral,neutral,neutral,negative,neutral,neutral,neutral
không như kỳ vọng,không như kỳ vọng,negative,neutral,neutral,neutral,negative,neutral,neutral,neutral
Shop đóng hàng quá cẩu thả,shop đóng hàng quá cẩu thả,negative,negative,neutral,neutral,negative,negative,neutral,neutral
chất lượng tốt. giá hợp lý,chất lượng tốt giá hợp lý,positive,neutral,neutral,positive,positive,neutral,neutral,positive
đặt 7plus ship kính ip5 nhắn shop giải quyết không thèm rep đánh giá 1 sao,đặt 7plus giao hàng kính ip5 nhắn shop giải quyết không thèm rep đánh giá 1 sao,negative,neutral,neutral,neutral,negative,neutral,negative,neutral
sản phẩm giống mô tả shop tư vấn nhiệt tình,sản phẩm giống mô tả shop tư vấn nhiệt tình,positive,neutral,neutral,neutral,positive,neutral,neutral,neutral
nghe gọi rõ ràng cài đặt dễ. tin nhắn mạng viettel,nghe gọi rõ ràng cài đặt dễ tin nhắn mạng viettel,positive,neutral,neutral,neutral,positive,neutral,neutral,neutral
đặt 1 kiểu giao 1 kiểu găng không cảm ứng được,đặt 1 kiểu giao 1 kiểu găng không cảm ứng được,negative,neutral,neutral,neutral,negative,neutral,neutral,neutral
không như mô tả hàng lỗi. mua dán cam không dán được không có keo dính. nhắn tin không trả lời mong anh em né,không như mô tả hàng lỗi mua dán cam không dán được không có keo dính nhắn tin không trả lời mong anh em né,negative,neutral,neutral,neutral,negative,neutral,neutral,negative
hàng đẹp chất lượng rất đáng mua,hàng đẹp chất lượng rất đáng mua,positive,neutral,neutral,neutral,positive,neutral,neutral,positive
quy trình kích hoạt lằng nhằng mất thời gian nên mua sim khác xài,quy trình kích hoạt lằng nhằng mất thời gian nên mua sim khác xài,neutral,neutral,neutral,neutral,negative,neutral,neutral,neutral
Màu nhạt,màu nhạt,negative,neutral,neutral,neutral,negative,neutral,neutral,neutral
giao đúng mẫu đúng màu thảm dày có độ bám. túi rút mỏng khó bỏ thảm mau rách,giao đúng mẫu đúng màu thảm dày có độ bám túi rút mỏng khó bỏ thảm mau rách,negative,negative,neutral,neutral,negative,negative,neutral,neutral
vợt cong dây chùng đặt quả cầu giao cầu nhựa không đánh được,vợt cong dây chùng đặt quả cầu giao cầu nhựa không đánh được,negative,negative,neutral,neutral,negative,negative,neutral,neutral
"sữa thanh mát ít đường, bao bì đẹp",sữa thanh mát ít đường bao bì đẹp,positive,positive,neutral,neutral,positive,positive,neutral,neutral
ô nhỏ chỉ phù hợp cho trẻ nhỏ. không có mô tả kích thước,ô nhỏ chỉ phù hợp cho trẻ nhỏ không có mô tả kích thước,negative,neutral,neutral,neutral,negative,neutral,neutral,neutral
viết mực rất ok. săn sale giá rẻ. gói hàng kĩ,viết mực rất ok săn sale giá rẻ gói hàng kĩ,positive,positive,neutral,positive,positive,positive,neutral,positive
hỗ trợ khách hàng thờ ơ sim mua được mấy bữa không sài được mạng gọi tổng đài báo khóa 1 chiều shop không hỗ trợ,hỗ trợ khách hàng thờ ơ sim mua được mấy bữa không sài được mạng gọi tổng đài báo khóa 1 chiều shop không hỗ trợ,negative,neutral,neutral,neutral,negative,neutral,neutral,neutral
chất lượng kém gia công méo lệch nút nguồn và âm lượng,chất lượng kém gia công méo lệch nút nguồn và âm lượng,negative,neutral,neutral,neutral,negative,neutral,neutral,neutral
mẫu mã siêu đẹp có kèm phiếu bảo hành được tặng thêm giá đỡ điện thoại. giao hàng nhanh giá hợp lý đóng gói cẩn thận,mẫu mã siêu đẹp có kèm phiếu bảo hành được tặng thêm giá đỡ điện thoại giao hàng nhanh giá hợp lý đóng gói cẩn thận,positive,positive,positive,positive,positive,positive,positive,positive
Giao trễ,giao trễ,neutral,neutral,negative,neutral,negative,neutral,positive,neutral
chắc chắn không ngã. thiết kế thông minh vừa sạc vừa đỡ,chắc chắn không ngã thiết kế thông minh vừa sạc vừa đỡ,negative,neutral,neutral,neutral,negative,neutral,neutral,neutral
sản phẩm tốt giao hàng nhanh,sản phẩm tốt giao hàng nhanh,positive,neutral,positive,neutral,positive,neutral,positive,neutral
mới nhận sản phẩm không biết pin với máy có bền và ổn định không,mới nhận sản phẩm không biết pin với máy có bền và ổn định không,neutral,neutral,neutral,neutral,neutral,neutral,neutral,neutral
bình luận rác không liên quan,bình luận rác không liên quan,neutral,neutral,neutral,neutral,neutral,neutral,neutral,neutral
giao tới thì đã bể nhắn tin shop bảo xem lại camera rồi im luôn đợi mấy ngày chưa hồi âm tệ không quay lại,giao tới thì đã bể nhắn tin shop bảo xem lại camera rồi im luôn đợi mấy ngày chưa hồi âm tệ không quay lại,negative,neutral,neutral,neutral,negative,neutral,neutral,neutral
Giao nhanh,giao nhanh,positive,neutral,positive,neutral,positive,neutral,positive,neutral
túi cũng được. giao hàng nhanh,túi cũng được giao hàng nhanh,positive,neutral,positive,neutral,neutral,neutral,positive,neutral
ghi có túi nhưng giao không có thảm ok lỗi nhỏ,ghi có túi nhưng giao không có thảm ok lỗi nhỏ,negative,neutral,neutral,neutral,negative,negative,neutral,neutral
buổi đầu đánh ok buổi 2 bung luôn. tập tành chơi vui không cần vợt khỏe nhưng bung ra thì kì quá,buổi đầu đánh ok buổi 2 bung luôn tập tành chơi vui không cần vợt khỏe nhưng bung ra thì kì quá,positive,negative,neutral,neutral,negative,negative,neutral,neutral
âm thanh tốt. chống nước ok. thiết kế đẹp,âm thanh tốt chống nước ok thiết kế đẹp,positive,neutral,neutral,neutral,positive,neutral,neutral,neutral
ổn,ổn,positive,neutral,neutral,neutral,positive,neutral,neutral,neutral
lừa đảo không đúng mô tả mua gói 1 năm dùng 1 tháng bị khóa. shop không có thiện chí khắc phục,lừa đảo không đúng mô tả mua gói 1 năm dùng 1 tháng bị khóa shop không có thiện chí khắc phục,negative,neutral,neutral,neutral,negative,negative,neutral,neutral
CSKH kém,cskh kém,negative,neutral,neutral,neutral,negative,neutral,neutral,neutral
bị ra màu,bị ra màu,negative,neutral,neutral,neutral,negative,negative,neutral,neutral
mua sim hết 4g tốc độ cao thì tịt luôn. nhắn tin hỗ trợ shop chặn luôn,mua sim hết 4g tốc độ cao thì tịt luôn nhắn tin hỗ trợ shop chặn luôn,negative,neutral,neutral,neutral,negative,neutral,neutral,neutral
hàng lỗi yêu cầu hoàn tiền shopee gài người dùng có lợi người bán,hàng lỗi yêu cầu hoàn tiền shopee gài người dùng có lợi người bán,negative,neutral,neutral,neutral,negative,neutral,neutral,neutral
ốp cứng thiết kế không có nút bấm vật lý,ốp cứng thiết kế không có nút bấm vật lý,negative,neutral,neutral,neutral,negative,neutral,neutral,neutral
Chất len dày... nhưng lộ mút,chất len dày nhưng lộ mút,negative,neutral,neutral,neutral,negative,neutral,neutral,neutral
shop giao hàng nhanh sản phẩm chất lượng đóng gói kỹ. chăm sóc khách hàng chu đáo tận tình. nhân viên nhiệt tình,shop giao hàng nhanh sản phẩm chất lượng đóng gói kỹ chăm sóc khách hàng chu đáo tận tình nhân viên nhiệt tình,positive,positive,positive,neutral,positive,positive,positive,neutral
Màu không chuẩn,màu không chuẩn,negative,negative,neutral,neutral,negative,negative,neutral,neutral
